<annotation>
	<folder>Images</folder>
	<filename>1.bmp</filename>
	<path>C:\Users\Hp\Desktop\converted2bmp\training\Images\1.bmp</path>
	<source>
		<database>Unknown</database>
	</source>
	<size>
		<width>1300</width>
		<height>866</height>
		<depth>3</depth>
	</size>
	<segmented>0</segmented>
	<object>
		<name>bottle</name>
		<pose>Unspecified</pose>
		<truncated>0</truncated>
		<difficult>0</difficult>
		<bndbox>
			<xmin>303</xmin>
			<ymin>400</ymin>
			<xmax>660</xmax>
			<ymax>571</ymax>
		</bndbox>
	</object>
</annotation>
