<annotation>
	<folder>Images</folder>
	<filename>10.bmp</filename>
	<path>C:\Users\Hp\Desktop\converted2bmp\training\Images\10.bmp</path>
	<source>
		<database>Unknown</database>
	</source>
	<size>
		<width>305</width>
		<height>165</height>
		<depth>3</depth>
	</size>
	<segmented>0</segmented>
	<object>
		<name>bottle</name>
		<pose>Unspecified</pose>
		<truncated>0</truncated>
		<difficult>0</difficult>
		<bndbox>
			<xmin>16</xmin>
			<ymin>10</ymin>
			<xmax>60</xmax>
			<ymax>153</ymax>
		</bndbox>
	</object>
	<object>
		<name>bottle</name>
		<pose>Unspecified</pose>
		<truncated>0</truncated>
		<difficult>0</difficult>
		<bndbox>
			<xmin>86</xmin>
			<ymin>17</ymin>
			<xmax>141</xmax>
			<ymax>154</ymax>
		</bndbox>
	</object>
	<object>
		<name>bottle</name>
		<pose>Unspecified</pose>
		<truncated>0</truncated>
		<difficult>0</difficult>
		<bndbox>
			<xmin>156</xmin>
			<ymin>38</ymin>
			<xmax>216</xmax>
			<ymax>155</ymax>
		</bndbox>
	</object>
	<object>
		<name>bottle</name>
		<pose>Unspecified</pose>
		<truncated>0</truncated>
		<difficult>0</difficult>
		<bndbox>
			<xmin>235</xmin>
			<ymin>72</ymin>
			<xmax>296</xmax>
			<ymax>159</ymax>
		</bndbox>
	</object>
</annotation>
