<annotation>
	<folder>NewDataset</folder>
	<filename>IMG_20190318_181558.jpg</filename>
	<path>D:\NewDataset\IMG_20190318_181558.jpg</path>
	<source>
		<database>Unknown</database>
	</source>
	<size>
		<width>3264</width>
		<height>2448</height>
		<depth>3</depth>
	</size>
	<segmented>0</segmented>
	<object>
		<name>bottle</name>
		<pose>Unspecified</pose>
		<truncated>0</truncated>
		<difficult>0</difficult>
		<bndbox>
			<xmin>1257</xmin>
			<ymin>894</ymin>
			<xmax>1902</xmax>
			<ymax>1165</ymax>
		</bndbox>
	</object>
	<object>
		<name>bottle</name>
		<pose>Unspecified</pose>
		<truncated>1</truncated>
		<difficult>0</difficult>
		<bndbox>
			<xmin>2853</xmin>
			<ymin>924</ymin>
			<xmax>3264</xmax>
			<ymax>1260</ymax>
		</bndbox>
	</object>
	<object>
		<name>bottle</name>
		<pose>Unspecified</pose>
		<truncated>0</truncated>
		<difficult>0</difficult>
		<bndbox>
			<xmin>2472</xmin>
			<ymin>698</ymin>
			<xmax>3020</xmax>
			<ymax>917</ymax>
		</bndbox>
	</object>
	<object>
		<name>bottle</name>
		<pose>Unspecified</pose>
		<truncated>0</truncated>
		<difficult>0</difficult>
		<bndbox>
			<xmin>2276</xmin>
			<ymin>505</ymin>
			<xmax>2713</xmax>
			<ymax>631</ymax>
		</bndbox>
	</object>
	<object>
		<name>bottle</name>
		<pose>Unspecified</pose>
		<truncated>0</truncated>
		<difficult>0</difficult>
		<bndbox>
			<xmin>2394</xmin>
			<ymin>409</ymin>
			<xmax>2602</xmax>
			<ymax>531</ymax>
		</bndbox>
	</object>
</annotation>
