<annotation>
	<folder>NewDataset</folder>
	<filename>IMG_20190318_181600.jpg</filename>
	<path>D:\NewDataset\IMG_20190318_181600.jpg</path>
	<source>
		<database>Unknown</database>
	</source>
	<size>
		<width>3264</width>
		<height>2448</height>
		<depth>3</depth>
	</size>
	<segmented>0</segmented>
	<object>
		<name>bottle</name>
		<pose>Unspecified</pose>
		<truncated>0</truncated>
		<difficult>0</difficult>
		<bndbox>
			<xmin>1461</xmin>
			<ymin>879</ymin>
			<xmax>2079</xmax>
			<ymax>1091</ymax>
		</bndbox>
	</object>
	<object>
		<name>bottle</name>
		<pose>Unspecified</pose>
		<truncated>0</truncated>
		<difficult>0</difficult>
		<bndbox>
			<xmin>2246</xmin>
			<ymin>491</ymin>
			<xmax>2698</xmax>
			<ymax>639</ymax>
		</bndbox>
	</object>
	<object>
		<name>bottle</name>
		<pose>Unspecified</pose>
		<truncated>0</truncated>
		<difficult>0</difficult>
		<bndbox>
			<xmin>2416</xmin>
			<ymin>428</ymin>
			<xmax>2539</xmax>
			<ymax>524</ymax>
		</bndbox>
	</object>
	<object>
		<name>bottle</name>
		<pose>Unspecified</pose>
		<truncated>0</truncated>
		<difficult>0</difficult>
		<bndbox>
			<xmin>2550</xmin>
			<ymin>665</ymin>
			<xmax>3039</xmax>
			<ymax>917</ymax>
		</bndbox>
	</object>
	<object>
		<name>bottle</name>
		<pose>Unspecified</pose>
		<truncated>1</truncated>
		<difficult>0</difficult>
		<bndbox>
			<xmin>2998</xmin>
			<ymin>891</ymin>
			<xmax>3264</xmax>
			<ymax>1161</ymax>
		</bndbox>
	</object>
</annotation>
