<annotation>
	<folder>NewDataset</folder>
	<filename>IMG_20190318_181601.jpg</filename>
	<path>D:\NewDataset\IMG_20190318_181601.jpg</path>
	<source>
		<database>Unknown</database>
	</source>
	<size>
		<width>3264</width>
		<height>2448</height>
		<depth>3</depth>
	</size>
	<segmented>0</segmented>
	<object>
		<name>bottle</name>
		<pose>Unspecified</pose>
		<truncated>0</truncated>
		<difficult>0</difficult>
		<bndbox>
			<xmin>1502</xmin>
			<ymin>898</ymin>
			<xmax>2157</xmax>
			<ymax>1109</ymax>
		</bndbox>
	</object>
	<object>
		<name>bottle</name>
		<pose>Unspecified</pose>
		<truncated>0</truncated>
		<difficult>0</difficult>
		<bndbox>
			<xmin>2257</xmin>
			<ymin>472</ymin>
			<xmax>2694</xmax>
			<ymax>620</ymax>
		</bndbox>
	</object>
	<object>
		<name>bottle</name>
		<pose>Unspecified</pose>
		<truncated>0</truncated>
		<difficult>0</difficult>
		<bndbox>
			<xmin>2431</xmin>
			<ymin>398</ymin>
			<xmax>2587</xmax>
			<ymax>509</ymax>
		</bndbox>
	</object>
	<object>
		<name>bottle</name>
		<pose>Unspecified</pose>
		<truncated>0</truncated>
		<difficult>0</difficult>
		<bndbox>
			<xmin>2602</xmin>
			<ymin>646</ymin>
			<xmax>3046</xmax>
			<ymax>876</ymax>
		</bndbox>
	</object>
	<object>
		<name>bottle</name>
		<pose>Unspecified</pose>
		<truncated>1</truncated>
		<difficult>0</difficult>
		<bndbox>
			<xmin>3005</xmin>
			<ymin>879</ymin>
			<xmax>3264</xmax>
			<ymax>1243</ymax>
		</bndbox>
	</object>
</annotation>
