<annotation>
	<folder>NewDataset</folder>
	<filename>IMG_20190318_181603_1.jpg</filename>
	<path>D:\NewDataset\IMG_20190318_181603_1.jpg</path>
	<source>
		<database>Unknown</database>
	</source>
	<size>
		<width>3264</width>
		<height>2448</height>
		<depth>3</depth>
	</size>
	<segmented>0</segmented>
	<object>
		<name>bottle</name>
		<pose>Unspecified</pose>
		<truncated>0</truncated>
		<difficult>0</difficult>
		<bndbox>
			<xmin>1668</xmin>
			<ymin>861</ymin>
			<xmax>2305</xmax>
			<ymax>1109</ymax>
		</bndbox>
	</object>
	<object>
		<name>bottle</name>
		<pose>Unspecified</pose>
		<truncated>0</truncated>
		<difficult>0</difficult>
		<bndbox>
			<xmin>2261</xmin>
			<ymin>476</ymin>
			<xmax>2690</xmax>
			<ymax>628</ymax>
		</bndbox>
	</object>
	<object>
		<name>bottle</name>
		<pose>Unspecified</pose>
		<truncated>0</truncated>
		<difficult>0</difficult>
		<bndbox>
			<xmin>2413</xmin>
			<ymin>402</ymin>
			<xmax>2631</xmax>
			<ymax>520</ymax>
		</bndbox>
	</object>
	<object>
		<name>bottle</name>
		<pose>Unspecified</pose>
		<truncated>0</truncated>
		<difficult>0</difficult>
		<bndbox>
			<xmin>2631</xmin>
			<ymin>639</ymin>
			<xmax>3031</xmax>
			<ymax>868</ymax>
		</bndbox>
	</object>
	<object>
		<name>bottle</name>
		<pose>Unspecified</pose>
		<truncated>1</truncated>
		<difficult>0</difficult>
		<bndbox>
			<xmin>3002</xmin>
			<ymin>883</ymin>
			<xmax>3264</xmax>
			<ymax>1148</ymax>
		</bndbox>
	</object>
</annotation>
