<annotation>
	<folder>NewDataset</folder>
	<filename>IMG_20190318_181623.jpg</filename>
	<path>D:\NewDataset\IMG_20190318_181623.jpg</path>
	<source>
		<database>Unknown</database>
	</source>
	<size>
		<width>3264</width>
		<height>2448</height>
		<depth>3</depth>
	</size>
	<segmented>0</segmented>
	<object>
		<name>bottle</name>
		<pose>Unspecified</pose>
		<truncated>0</truncated>
		<difficult>0</difficult>
		<bndbox>
			<xmin>1135</xmin>
			<ymin>409</ymin>
			<xmax>1446</xmax>
			<ymax>661</ymax>
		</bndbox>
	</object>
	<object>
		<name>bottle</name>
		<pose>Unspecified</pose>
		<truncated>0</truncated>
		<difficult>0</difficult>
		<bndbox>
			<xmin>1550</xmin>
			<ymin>402</ymin>
			<xmax>1939</xmax>
			<ymax>579</ymax>
		</bndbox>
	</object>
	<object>
		<name>bottle</name>
		<pose>Unspecified</pose>
		<truncated>0</truncated>
		<difficult>0</difficult>
		<bndbox>
			<xmin>1813</xmin>
			<ymin>268</ymin>
			<xmax>2090</xmax>
			<ymax>402</ymax>
		</bndbox>
	</object>
	<object>
		<name>bottle</name>
		<pose>Unspecified</pose>
		<truncated>0</truncated>
		<difficult>0</difficult>
		<bndbox>
			<xmin>2016</xmin>
			<ymin>472</ymin>
			<xmax>2472</xmax>
			<ymax>583</ymax>
		</bndbox>
	</object>
	<object>
		<name>bottle</name>
		<pose>Unspecified</pose>
		<truncated>0</truncated>
		<difficult>0</difficult>
		<bndbox>
			<xmin>2909</xmin>
			<ymin>798</ymin>
			<xmax>3142</xmax>
			<ymax>1102</ymax>
		</bndbox>
	</object>
</annotation>
