<annotation>
	<folder>NewDataset</folder>
	<filename>IMG_20190318_181624.jpg</filename>
	<path>D:\NewDataset\IMG_20190318_181624.jpg</path>
	<source>
		<database>Unknown</database>
	</source>
	<size>
		<width>3264</width>
		<height>2448</height>
		<depth>3</depth>
	</size>
	<segmented>0</segmented>
	<object>
		<name>bottle</name>
		<pose>Unspecified</pose>
		<truncated>0</truncated>
		<difficult>0</difficult>
		<bndbox>
			<xmin>1031</xmin>
			<ymin>424</ymin>
			<xmax>1324</xmax>
			<ymax>654</ymax>
		</bndbox>
	</object>
	<object>
		<name>bottle</name>
		<pose>Unspecified</pose>
		<truncated>0</truncated>
		<difficult>0</difficult>
		<bndbox>
			<xmin>1516</xmin>
			<ymin>379</ymin>
			<xmax>1894</xmax>
			<ymax>542</ymax>
		</bndbox>
	</object>
	<object>
		<name>bottle</name>
		<pose>Unspecified</pose>
		<truncated>0</truncated>
		<difficult>0</difficult>
		<bndbox>
			<xmin>1798</xmin>
			<ymin>272</ymin>
			<xmax>2105</xmax>
			<ymax>405</ymax>
		</bndbox>
	</object>
	<object>
		<name>bottle</name>
		<pose>Unspecified</pose>
		<truncated>0</truncated>
		<difficult>0</difficult>
		<bndbox>
			<xmin>2031</xmin>
			<ymin>424</ymin>
			<xmax>2446</xmax>
			<ymax>576</ymax>
		</bndbox>
	</object>
	<object>
		<name>bottle</name>
		<pose>Unspecified</pose>
		<truncated>0</truncated>
		<difficult>0</difficult>
		<bndbox>
			<xmin>2798</xmin>
			<ymin>813</ymin>
			<xmax>3120</xmax>
			<ymax>1091</ymax>
		</bndbox>
	</object>
</annotation>
