<annotation>
	<folder>NewDataset</folder>
	<filename>IMG_20190318_181629.jpg</filename>
	<path>D:\NewDataset\IMG_20190318_181629.jpg</path>
	<source>
		<database>Unknown</database>
	</source>
	<size>
		<width>3264</width>
		<height>2448</height>
		<depth>3</depth>
	</size>
	<segmented>0</segmented>
	<object>
		<name>bottle</name>
		<pose>Unspecified</pose>
		<truncated>0</truncated>
		<difficult>0</difficult>
		<bndbox>
			<xmin>605</xmin>
			<ymin>387</ymin>
			<xmax>839</xmax>
			<ymax>728</ymax>
		</bndbox>
	</object>
	<object>
		<name>bottle</name>
		<pose>Unspecified</pose>
		<truncated>0</truncated>
		<difficult>0</difficult>
		<bndbox>
			<xmin>1290</xmin>
			<ymin>379</ymin>
			<xmax>1698</xmax>
			<ymax>557</ymax>
		</bndbox>
	</object>
	<object>
		<name>bottle</name>
		<pose>Unspecified</pose>
		<truncated>0</truncated>
		<difficult>0</difficult>
		<bndbox>
			<xmin>1731</xmin>
			<ymin>302</ymin>
			<xmax>2105</xmax>
			<ymax>465</ymax>
		</bndbox>
	</object>
	<object>
		<name>bottle</name>
		<pose>Unspecified</pose>
		<truncated>0</truncated>
		<difficult>0</difficult>
		<bndbox>
			<xmin>2150</xmin>
			<ymin>372</ymin>
			<xmax>2476</xmax>
			<ymax>572</ymax>
		</bndbox>
	</object>
	<object>
		<name>bottle</name>
		<pose>Unspecified</pose>
		<truncated>0</truncated>
		<difficult>0</difficult>
		<bndbox>
			<xmin>2661</xmin>
			<ymin>872</ymin>
			<xmax>3002</xmax>
			<ymax>1217</ymax>
		</bndbox>
	</object>
</annotation>
