<annotation>
	<folder>NewDataset</folder>
	<filename>IMG_20190318_181630.jpg</filename>
	<path>D:\NewDataset\IMG_20190318_181630.jpg</path>
	<source>
		<database>Unknown</database>
	</source>
	<size>
		<width>3264</width>
		<height>2448</height>
		<depth>3</depth>
	</size>
	<segmented>0</segmented>
	<object>
		<name>bottle</name>
		<pose>Unspecified</pose>
		<truncated>0</truncated>
		<difficult>0</difficult>
		<bndbox>
			<xmin>657</xmin>
			<ymin>409</ymin>
			<xmax>813</xmax>
			<ymax>728</ymax>
		</bndbox>
	</object>
	<object>
		<name>bottle</name>
		<pose>Unspecified</pose>
		<truncated>0</truncated>
		<difficult>0</difficult>
		<bndbox>
			<xmin>1239</xmin>
			<ymin>379</ymin>
			<xmax>1653</xmax>
			<ymax>565</ymax>
		</bndbox>
	</object>
	<object>
		<name>bottle</name>
		<pose>Unspecified</pose>
		<truncated>0</truncated>
		<difficult>0</difficult>
		<bndbox>
			<xmin>1742</xmin>
			<ymin>291</ymin>
			<xmax>2094</xmax>
			<ymax>413</ymax>
		</bndbox>
	</object>
	<object>
		<name>bottle</name>
		<pose>Unspecified</pose>
		<truncated>0</truncated>
		<difficult>0</difficult>
		<bndbox>
			<xmin>2205</xmin>
			<ymin>335</ymin>
			<xmax>2502</xmax>
			<ymax>554</ymax>
		</bndbox>
	</object>
	<object>
		<name>bottle</name>
		<pose>Unspecified</pose>
		<truncated>0</truncated>
		<difficult>0</difficult>
		<bndbox>
			<xmin>2802</xmin>
			<ymin>850</ymin>
			<xmax>3065</xmax>
			<ymax>1239</ymax>
		</bndbox>
	</object>
</annotation>
