<annotation>
	<folder>NewDataset</folder>
	<filename>IMG_20190318_181635.jpg</filename>
	<path>D:\NewDataset\IMG_20190318_181635.jpg</path>
	<source>
		<database>Unknown</database>
	</source>
	<size>
		<width>3264</width>
		<height>2448</height>
		<depth>3</depth>
	</size>
	<segmented>0</segmented>
	<object>
		<name>bottle</name>
		<pose>Unspecified</pose>
		<truncated>0</truncated>
		<difficult>0</difficult>
		<bndbox>
			<xmin>657</xmin>
			<ymin>454</ymin>
			<xmax>865</xmax>
			<ymax>765</ymax>
		</bndbox>
	</object>
	<object>
		<name>bottle</name>
		<pose>Unspecified</pose>
		<truncated>0</truncated>
		<difficult>0</difficult>
		<bndbox>
			<xmin>1068</xmin>
			<ymin>405</ymin>
			<xmax>1487</xmax>
			<ymax>576</ymax>
		</bndbox>
	</object>
	<object>
		<name>bottle</name>
		<pose>Unspecified</pose>
		<truncated>0</truncated>
		<difficult>0</difficult>
		<bndbox>
			<xmin>1724</xmin>
			<ymin>365</ymin>
			<xmax>2131</xmax>
			<ymax>542</ymax>
		</bndbox>
	</object>
	<object>
		<name>bottle</name>
		<pose>Unspecified</pose>
		<truncated>0</truncated>
		<difficult>0</difficult>
		<bndbox>
			<xmin>2398</xmin>
			<ymin>368</ymin>
			<xmax>2627</xmax>
			<ymax>587</ymax>
		</bndbox>
	</object>
	<object>
		<name>bottle</name>
		<pose>Unspecified</pose>
		<truncated>1</truncated>
		<difficult>0</difficult>
		<bndbox>
			<xmin>2846</xmin>
			<ymin>976</ymin>
			<xmax>3264</xmax>
			<ymax>1245</ymax>
		</bndbox>
	</object>
</annotation>
