<annotation>
	<folder>NewDataset</folder>
	<filename>IMG_20190318_181640.jpg</filename>
	<path>D:\NewDataset\IMG_20190318_181640.jpg</path>
	<source>
		<database>Unknown</database>
	</source>
	<size>
		<width>3264</width>
		<height>2448</height>
		<depth>3</depth>
	</size>
	<segmented>0</segmented>
	<object>
		<name>bottle</name>
		<pose>Unspecified</pose>
		<truncated>0</truncated>
		<difficult>0</difficult>
		<bndbox>
			<xmin>553</xmin>
			<ymin>579</ymin>
			<xmax>1035</xmax>
			<ymax>857</ymax>
		</bndbox>
	</object>
	<object>
		<name>bottle</name>
		<pose>Unspecified</pose>
		<truncated>0</truncated>
		<difficult>0</difficult>
		<bndbox>
			<xmin>1046</xmin>
			<ymin>483</ymin>
			<xmax>1450</xmax>
			<ymax>628</ymax>
		</bndbox>
	</object>
	<object>
		<name>bottle</name>
		<pose>Unspecified</pose>
		<truncated>0</truncated>
		<difficult>0</difficult>
		<bndbox>
			<xmin>1902</xmin>
			<ymin>446</ymin>
			<xmax>2331</xmax>
			<ymax>617</ymax>
		</bndbox>
	</object>
	<object>
		<name>bottle</name>
		<pose>Unspecified</pose>
		<truncated>0</truncated>
		<difficult>0</difficult>
		<bndbox>
			<xmin>2442</xmin>
			<ymin>391</ymin>
			<xmax>2731</xmax>
			<ymax>683</ymax>
		</bndbox>
	</object>
	<object>
		<name>bottle</name>
		<pose>Unspecified</pose>
		<truncated>1</truncated>
		<difficult>0</difficult>
		<bndbox>
			<xmin>2983</xmin>
			<ymin>928</ymin>
			<xmax>3264</xmax>
			<ymax>1196</ymax>
		</bndbox>
	</object>
</annotation>
