<annotation>
	<folder>NewDataset</folder>
	<filename>IMG_20190318_181641.jpg</filename>
	<path>D:\NewDataset\IMG_20190318_181641.jpg</path>
	<source>
		<database>Unknown</database>
	</source>
	<size>
		<width>3264</width>
		<height>2448</height>
		<depth>3</depth>
	</size>
	<segmented>0</segmented>
	<object>
		<name>bottle</name>
		<pose>Unspecified</pose>
		<truncated>0</truncated>
		<difficult>0</difficult>
		<bndbox>
			<xmin>531</xmin>
			<ymin>605</ymin>
			<xmax>1027</xmax>
			<ymax>876</ymax>
		</bndbox>
	</object>
	<object>
		<name>bottle</name>
		<pose>Unspecified</pose>
		<truncated>0</truncated>
		<difficult>0</difficult>
		<bndbox>
			<xmin>1079</xmin>
			<ymin>494</ymin>
			<xmax>1457</xmax>
			<ymax>657</ymax>
		</bndbox>
	</object>
	<object>
		<name>bottle</name>
		<pose>Unspecified</pose>
		<truncated>0</truncated>
		<difficult>0</difficult>
		<bndbox>
			<xmin>1939</xmin>
			<ymin>450</ymin>
			<xmax>2353</xmax>
			<ymax>642</ymax>
		</bndbox>
	</object>
	<object>
		<name>bottle</name>
		<pose>Unspecified</pose>
		<truncated>0</truncated>
		<difficult>0</difficult>
		<bndbox>
			<xmin>2442</xmin>
			<ymin>431</ymin>
			<xmax>2731</xmax>
			<ymax>679</ymax>
		</bndbox>
	</object>
	<object>
		<name>bottle</name>
		<pose>Unspecified</pose>
		<truncated>1</truncated>
		<difficult>0</difficult>
		<bndbox>
			<xmin>3005</xmin>
			<ymin>920</ymin>
			<xmax>3264</xmax>
			<ymax>1210</ymax>
		</bndbox>
	</object>
</annotation>
