<annotation>
	<folder>NewDataset</folder>
	<filename>IMG_20190318_181644.jpg</filename>
	<path>D:\NewDataset\IMG_20190318_181644.jpg</path>
	<source>
		<database>Unknown</database>
	</source>
	<size>
		<width>3264</width>
		<height>2448</height>
		<depth>3</depth>
	</size>
	<segmented>0</segmented>
	<object>
		<name>bottle</name>
		<pose>Unspecified</pose>
		<truncated>0</truncated>
		<difficult>0</difficult>
		<bndbox>
			<xmin>468</xmin>
			<ymin>635</ymin>
			<xmax>1024</xmax>
			<ymax>865</ymax>
		</bndbox>
	</object>
	<object>
		<name>bottle</name>
		<pose>Unspecified</pose>
		<truncated>0</truncated>
		<difficult>0</difficult>
		<bndbox>
			<xmin>1150</xmin>
			<ymin>505</ymin>
			<xmax>1572</xmax>
			<ymax>672</ymax>
		</bndbox>
	</object>
	<object>
		<name>bottle</name>
		<pose>Unspecified</pose>
		<truncated>0</truncated>
		<difficult>0</difficult>
		<bndbox>
			<xmin>1990</xmin>
			<ymin>472</ymin>
			<xmax>2424</xmax>
			<ymax>587</ymax>
		</bndbox>
	</object>
	<object>
		<name>bottle</name>
		<pose>Unspecified</pose>
		<truncated>0</truncated>
		<difficult>0</difficult>
		<bndbox>
			<xmin>2483</xmin>
			<ymin>446</ymin>
			<xmax>2746</xmax>
			<ymax>687</ymax>
		</bndbox>
	</object>
	<object>
		<name>bottle</name>
		<pose>Unspecified</pose>
		<truncated>1</truncated>
		<difficult>0</difficult>
		<bndbox>
			<xmin>3094</xmin>
			<ymin>913</ymin>
			<xmax>3264</xmax>
			<ymax>1185</ymax>
		</bndbox>
	</object>
</annotation>
