<annotation>
	<folder>NewDataset</folder>
	<filename>IMG_20190318_181647.jpg</filename>
	<path>D:\NewDataset\IMG_20190318_181647.jpg</path>
	<source>
		<database>Unknown</database>
	</source>
	<size>
		<width>3264</width>
		<height>2448</height>
		<depth>3</depth>
	</size>
	<segmented>0</segmented>
	<object>
		<name>bottle</name>
		<pose>Unspecified</pose>
		<truncated>0</truncated>
		<difficult>0</difficult>
		<bndbox>
			<xmin>587</xmin>
			<ymin>468</ymin>
			<xmax>1031</xmax>
			<ymax>705</ymax>
		</bndbox>
	</object>
	<object>
		<name>bottle</name>
		<pose>Unspecified</pose>
		<truncated>0</truncated>
		<difficult>0</difficult>
		<bndbox>
			<xmin>1227</xmin>
			<ymin>420</ymin>
			<xmax>1598</xmax>
			<ymax>602</ymax>
		</bndbox>
	</object>
	<object>
		<name>bottle</name>
		<pose>Unspecified</pose>
		<truncated>0</truncated>
		<difficult>0</difficult>
		<bndbox>
			<xmin>2076</xmin>
			<ymin>387</ymin>
			<xmax>2416</xmax>
			<ymax>528</ymax>
		</bndbox>
	</object>
	<object>
		<name>bottle</name>
		<pose>Unspecified</pose>
		<truncated>0</truncated>
		<difficult>0</difficult>
		<bndbox>
			<xmin>2461</xmin>
			<ymin>472</ymin>
			<xmax>2642</xmax>
			<ymax>683</ymax>
		</bndbox>
	</object>
	<object>
		<name>bottle</name>
		<pose>Unspecified</pose>
		<truncated>0</truncated>
		<difficult>0</difficult>
		<bndbox>
			<xmin>2605</xmin>
			<ymin>894</ymin>
			<xmax>3146</xmax>
			<ymax>1124</ymax>
		</bndbox>
	</object>
</annotation>
