<annotation>
	<folder>Images</folder>
	<filename>104.bmp</filename>
	<path>C:\Users\Hp\Desktop\converted2bmp\training\Images\104.bmp</path>
	<source>
		<database>Unknown</database>
	</source>
	<size>
		<width>640</width>
		<height>368</height>
		<depth>3</depth>
	</size>
	<segmented>0</segmented>
	<object>
		<name>bottle</name>
		<pose>Unspecified</pose>
		<truncated>0</truncated>
		<difficult>0</difficult>
		<bndbox>
			<xmin>165</xmin>
			<ymin>41</ymin>
			<xmax>597</xmax>
			<ymax>228</ymax>
		</bndbox>
	</object>
</annotation>
