<annotation>
	<folder>NewDataset</folder>
	<filename>IMG_20190318_181659.jpg</filename>
	<path>D:\NewDataset\IMG_20190318_181659.jpg</path>
	<source>
		<database>Unknown</database>
	</source>
	<size>
		<width>3264</width>
		<height>2448</height>
		<depth>3</depth>
	</size>
	<segmented>0</segmented>
	<object>
		<name>bottle</name>
		<pose>Unspecified</pose>
		<truncated>0</truncated>
		<difficult>0</difficult>
		<bndbox>
			<xmin>883</xmin>
			<ymin>339</ymin>
			<xmax>1120</xmax>
			<ymax>468</ymax>
		</bndbox>
	</object>
	<object>
		<name>bottle</name>
		<pose>Unspecified</pose>
		<truncated>0</truncated>
		<difficult>0</difficult>
		<bndbox>
			<xmin>1035</xmin>
			<ymin>305</ymin>
			<xmax>1239</xmax>
			<ymax>465</ymax>
		</bndbox>
	</object>
	<object>
		<name>bottle</name>
		<pose>Unspecified</pose>
		<truncated>0</truncated>
		<difficult>0</difficult>
		<bndbox>
			<xmin>2331</xmin>
			<ymin>291</ymin>
			<xmax>2583</xmax>
			<ymax>446</ymax>
		</bndbox>
	</object>
	<object>
		<name>bottle</name>
		<pose>Unspecified</pose>
		<truncated>0</truncated>
		<difficult>0</difficult>
		<bndbox>
			<xmin>1968</xmin>
			<ymin>424</ymin>
			<xmax>2450</xmax>
			<ymax>557</ymax>
		</bndbox>
	</object>
	<object>
		<name>bottle</name>
		<pose>Unspecified</pose>
		<truncated>0</truncated>
		<difficult>0</difficult>
		<bndbox>
			<xmin>2613</xmin>
			<ymin>483</ymin>
			<xmax>2879</xmax>
			<ymax>739</ymax>
		</bndbox>
	</object>
</annotation>
