<annotation>
	<folder>NewDataset</folder>
	<filename>IMG_20190318_181700.jpg</filename>
	<path>D:\NewDataset\IMG_20190318_181700.jpg</path>
	<source>
		<database>Unknown</database>
	</source>
	<size>
		<width>3264</width>
		<height>2448</height>
		<depth>3</depth>
	</size>
	<segmented>0</segmented>
	<object>
		<name>bottle</name>
		<pose>Unspecified</pose>
		<truncated>0</truncated>
		<difficult>0</difficult>
		<bndbox>
			<xmin>846</xmin>
			<ymin>305</ymin>
			<xmax>1113</xmax>
			<ymax>494</ymax>
		</bndbox>
	</object>
	<object>
		<name>bottle</name>
		<pose>Unspecified</pose>
		<truncated>0</truncated>
		<difficult>0</difficult>
		<bndbox>
			<xmin>1005</xmin>
			<ymin>320</ymin>
			<xmax>1209</xmax>
			<ymax>472</ymax>
		</bndbox>
	</object>
	<object>
		<name>bottle</name>
		<pose>Unspecified</pose>
		<truncated>0</truncated>
		<difficult>0</difficult>
		<bndbox>
			<xmin>2316</xmin>
			<ymin>309</ymin>
			<xmax>2550</xmax>
			<ymax>450</ymax>
		</bndbox>
	</object>
	<object>
		<name>bottle</name>
		<pose>Unspecified</pose>
		<truncated>0</truncated>
		<difficult>0</difficult>
		<bndbox>
			<xmin>1990</xmin>
			<ymin>435</ymin>
			<xmax>2439</xmax>
			<ymax>583</ymax>
		</bndbox>
	</object>
	<object>
		<name>bottle</name>
		<pose>Unspecified</pose>
		<truncated>0</truncated>
		<difficult>0</difficult>
		<bndbox>
			<xmin>2587</xmin>
			<ymin>476</ymin>
			<xmax>2872</xmax>
			<ymax>765</ymax>
		</bndbox>
	</object>
</annotation>
