<annotation>
	<folder>NewDataset</folder>
	<filename>IMG_20190318_181702.jpg</filename>
	<path>D:\NewDataset\IMG_20190318_181702.jpg</path>
	<source>
		<database>Unknown</database>
	</source>
	<size>
		<width>3264</width>
		<height>2448</height>
		<depth>3</depth>
	</size>
	<segmented>0</segmented>
	<object>
		<name>bottle</name>
		<pose>Unspecified</pose>
		<truncated>0</truncated>
		<difficult>0</difficult>
		<bndbox>
			<xmin>920</xmin>
			<ymin>317</ymin>
			<xmax>1127</xmax>
			<ymax>517</ymax>
		</bndbox>
	</object>
	<object>
		<name>bottle</name>
		<pose>Unspecified</pose>
		<truncated>0</truncated>
		<difficult>0</difficult>
		<bndbox>
			<xmin>990</xmin>
			<ymin>346</ymin>
			<xmax>1265</xmax>
			<ymax>468</ymax>
		</bndbox>
	</object>
	<object>
		<name>bottle</name>
		<pose>Unspecified</pose>
		<truncated>0</truncated>
		<difficult>0</difficult>
		<bndbox>
			<xmin>2350</xmin>
			<ymin>309</ymin>
			<xmax>2579</xmax>
			<ymax>472</ymax>
		</bndbox>
	</object>
	<object>
		<name>bottle</name>
		<pose>Unspecified</pose>
		<truncated>0</truncated>
		<difficult>0</difficult>
		<bndbox>
			<xmin>2090</xmin>
			<ymin>442</ymin>
			<xmax>2539</xmax>
			<ymax>561</ymax>
		</bndbox>
	</object>
	<object>
		<name>bottle</name>
		<pose>Unspecified</pose>
		<truncated>0</truncated>
		<difficult>0</difficult>
		<bndbox>
			<xmin>2609</xmin>
			<ymin>479</ymin>
			<xmax>2883</xmax>
			<ymax>761</ymax>
		</bndbox>
	</object>
</annotation>
