<annotation>
	<folder>NewDataset</folder>
	<filename>IMG_20190318_181707_1.jpg</filename>
	<path>D:\NewDataset\IMG_20190318_181707_1.jpg</path>
	<source>
		<database>Unknown</database>
	</source>
	<size>
		<width>3264</width>
		<height>2448</height>
		<depth>3</depth>
	</size>
	<segmented>0</segmented>
	<object>
		<name>bottle</name>
		<pose>Unspecified</pose>
		<truncated>0</truncated>
		<difficult>0</difficult>
		<bndbox>
			<xmin>961</xmin>
			<ymin>361</ymin>
			<xmax>1135</xmax>
			<ymax>572</ymax>
		</bndbox>
	</object>
	<object>
		<name>bottle</name>
		<pose>Unspecified</pose>
		<truncated>0</truncated>
		<difficult>0</difficult>
		<bndbox>
			<xmin>1079</xmin>
			<ymin>413</ymin>
			<xmax>1290</xmax>
			<ymax>554</ymax>
		</bndbox>
	</object>
	<object>
		<name>bottle</name>
		<pose>Unspecified</pose>
		<truncated>0</truncated>
		<difficult>0</difficult>
		<bndbox>
			<xmin>2379</xmin>
			<ymin>361</ymin>
			<xmax>2579</xmax>
			<ymax>468</ymax>
		</bndbox>
	</object>
	<object>
		<name>bottle</name>
		<pose>Unspecified</pose>
		<truncated>0</truncated>
		<difficult>0</difficult>
		<bndbox>
			<xmin>2309</xmin>
			<ymin>450</ymin>
			<xmax>2676</xmax>
			<ymax>609</ymax>
		</bndbox>
	</object>
	<object>
		<name>bottle</name>
		<pose>Unspecified</pose>
		<truncated>0</truncated>
		<difficult>0</difficult>
		<bndbox>
			<xmin>2590</xmin>
			<ymin>520</ymin>
			<xmax>2876</xmax>
			<ymax>783</ymax>
		</bndbox>
	</object>
</annotation>
