<annotation>
	<folder>NewDataset</folder>
	<filename>IMG_20190318_181714.jpg</filename>
	<path>D:\NewDataset\IMG_20190318_181714.jpg</path>
	<source>
		<database>Unknown</database>
	</source>
	<size>
		<width>3264</width>
		<height>2448</height>
		<depth>3</depth>
	</size>
	<segmented>0</segmented>
	<object>
		<name>bottle</name>
		<pose>Unspecified</pose>
		<truncated>0</truncated>
		<difficult>0</difficult>
		<bndbox>
			<xmin>1187</xmin>
			<ymin>394</ymin>
			<xmax>1346</xmax>
			<ymax>654</ymax>
		</bndbox>
	</object>
	<object>
		<name>bottle</name>
		<pose>Unspecified</pose>
		<truncated>0</truncated>
		<difficult>0</difficult>
		<bndbox>
			<xmin>1420</xmin>
			<ymin>457</ymin>
			<xmax>1802</xmax>
			<ymax>594</ymax>
		</bndbox>
	</object>
	<object>
		<name>bottle</name>
		<pose>Unspecified</pose>
		<truncated>0</truncated>
		<difficult>0</difficult>
		<bndbox>
			<xmin>2613</xmin>
			<ymin>531</ymin>
			<xmax>2846</xmax>
			<ymax>813</ymax>
		</bndbox>
	</object>
	<object>
		<name>bottle</name>
		<pose>Unspecified</pose>
		<truncated>0</truncated>
		<difficult>0</difficult>
		<bndbox>
			<xmin>2316</xmin>
			<ymin>457</ymin>
			<xmax>2665</xmax>
			<ymax>605</ymax>
		</bndbox>
	</object>
	<object>
		<name>bottle</name>
		<pose>Unspecified</pose>
		<truncated>0</truncated>
		<difficult>0</difficult>
		<bndbox>
			<xmin>2413</xmin>
			<ymin>391</ymin>
			<xmax>2598</xmax>
			<ymax>498</ymax>
		</bndbox>
	</object>
</annotation>
