<annotation>
	<folder>NewDataset</folder>
	<filename>IMG_20190318_181719.jpg</filename>
	<path>D:\NewDataset\IMG_20190318_181719.jpg</path>
	<source>
		<database>Unknown</database>
	</source>
	<size>
		<width>3264</width>
		<height>2448</height>
		<depth>3</depth>
	</size>
	<segmented>0</segmented>
	<object>
		<name>bottle</name>
		<pose>Unspecified</pose>
		<truncated>0</truncated>
		<difficult>0</difficult>
		<bndbox>
			<xmin>1494</xmin>
			<ymin>476</ymin>
			<xmax>1727</xmax>
			<ymax>698</ymax>
		</bndbox>
	</object>
	<object>
		<name>bottle</name>
		<pose>Unspecified</pose>
		<truncated>0</truncated>
		<difficult>0</difficult>
		<bndbox>
			<xmin>1716</xmin>
			<ymin>409</ymin>
			<xmax>2131</xmax>
			<ymax>576</ymax>
		</bndbox>
	</object>
	<object>
		<name>bottle</name>
		<pose>Unspecified</pose>
		<truncated>0</truncated>
		<difficult>0</difficult>
		<bndbox>
			<xmin>2387</xmin>
			<ymin>368</ymin>
			<xmax>2620</xmax>
			<ymax>465</ymax>
		</bndbox>
	</object>
	<object>
		<name>bottle</name>
		<pose>Unspecified</pose>
		<truncated>0</truncated>
		<difficult>0</difficult>
		<bndbox>
			<xmin>2272</xmin>
			<ymin>442</ymin>
			<xmax>2676</xmax>
			<ymax>539</ymax>
		</bndbox>
	</object>
	<object>
		<name>bottle</name>
		<pose>Unspecified</pose>
		<truncated>0</truncated>
		<difficult>0</difficult>
		<bndbox>
			<xmin>2590</xmin>
			<ymin>502</ymin>
			<xmax>2913</xmax>
			<ymax>802</ymax>
		</bndbox>
	</object>
</annotation>
