<annotation>
	<folder>NewDataset</folder>
	<filename>IMG_20190318_181720_1.jpg</filename>
	<path>D:\NewDataset\IMG_20190318_181720_1.jpg</path>
	<source>
		<database>Unknown</database>
	</source>
	<size>
		<width>3264</width>
		<height>2448</height>
		<depth>3</depth>
	</size>
	<segmented>0</segmented>
	<object>
		<name>bottle</name>
		<pose>Unspecified</pose>
		<truncated>0</truncated>
		<difficult>0</difficult>
		<bndbox>
			<xmin>1631</xmin>
			<ymin>498</ymin>
			<xmax>1853</xmax>
			<ymax>746</ymax>
		</bndbox>
	</object>
	<object>
		<name>bottle</name>
		<pose>Unspecified</pose>
		<truncated>0</truncated>
		<difficult>0</difficult>
		<bndbox>
			<xmin>1824</xmin>
			<ymin>431</ymin>
			<xmax>2231</xmax>
			<ymax>598</ymax>
		</bndbox>
	</object>
	<object>
		<name>bottle</name>
		<pose>Unspecified</pose>
		<truncated>0</truncated>
		<difficult>0</difficult>
		<bndbox>
			<xmin>2590</xmin>
			<ymin>539</ymin>
			<xmax>2883</xmax>
			<ymax>787</ymax>
		</bndbox>
	</object>
	<object>
		<name>bottle</name>
		<pose>Unspecified</pose>
		<truncated>0</truncated>
		<difficult>0</difficult>
		<bndbox>
			<xmin>2272</xmin>
			<ymin>476</ymin>
			<xmax>2642</xmax>
			<ymax>594</ymax>
		</bndbox>
	</object>
	<object>
		<name>bottle</name>
		<pose>Unspecified</pose>
		<truncated>0</truncated>
		<difficult>0</difficult>
		<bndbox>
			<xmin>2383</xmin>
			<ymin>398</ymin>
			<xmax>2602</xmax>
			<ymax>502</ymax>
		</bndbox>
	</object>
</annotation>
