<annotation>
	<folder>NewDataset</folder>
	<filename>IMG_20190318_181721.jpg</filename>
	<path>D:\NewDataset\IMG_20190318_181721.jpg</path>
	<source>
		<database>Unknown</database>
	</source>
	<size>
		<width>3264</width>
		<height>2448</height>
		<depth>3</depth>
	</size>
	<segmented>0</segmented>
	<object>
		<name>bottle</name>
		<pose>Unspecified</pose>
		<truncated>0</truncated>
		<difficult>0</difficult>
		<bndbox>
			<xmin>2609</xmin>
			<ymin>524</ymin>
			<xmax>2898</xmax>
			<ymax>779</ymax>
		</bndbox>
	</object>
	<object>
		<name>bottle</name>
		<pose>Unspecified</pose>
		<truncated>0</truncated>
		<difficult>0</difficult>
		<bndbox>
			<xmin>2272</xmin>
			<ymin>465</ymin>
			<xmax>2716</xmax>
			<ymax>598</ymax>
		</bndbox>
	</object>
	<object>
		<name>bottle</name>
		<pose>Unspecified</pose>
		<truncated>0</truncated>
		<difficult>0</difficult>
		<bndbox>
			<xmin>2376</xmin>
			<ymin>372</ymin>
			<xmax>2624</xmax>
			<ymax>509</ymax>
		</bndbox>
	</object>
	<object>
		<name>bottle</name>
		<pose>Unspecified</pose>
		<truncated>0</truncated>
		<difficult>0</difficult>
		<bndbox>
			<xmin>1853</xmin>
			<ymin>442</ymin>
			<xmax>2290</xmax>
			<ymax>568</ymax>
		</bndbox>
	</object>
	<object>
		<name>bottle</name>
		<pose>Unspecified</pose>
		<truncated>0</truncated>
		<difficult>0</difficult>
		<bndbox>
			<xmin>1690</xmin>
			<ymin>487</ymin>
			<xmax>1920</xmax>
			<ymax>757</ymax>
		</bndbox>
	</object>
</annotation>
