<annotation>
	<folder>NewDataset</folder>
	<filename>IMG_20190318_181723.jpg</filename>
	<path>D:\NewDataset\IMG_20190318_181723.jpg</path>
	<source>
		<database>Unknown</database>
	</source>
	<size>
		<width>3264</width>
		<height>2448</height>
		<depth>3</depth>
	</size>
	<segmented>0</segmented>
	<object>
		<name>bottle</name>
		<pose>Unspecified</pose>
		<truncated>0</truncated>
		<difficult>0</difficult>
		<bndbox>
			<xmin>2639</xmin>
			<ymin>542</ymin>
			<xmax>2902</xmax>
			<ymax>798</ymax>
		</bndbox>
	</object>
	<object>
		<name>bottle</name>
		<pose>Unspecified</pose>
		<truncated>0</truncated>
		<difficult>0</difficult>
		<bndbox>
			<xmin>1865</xmin>
			<ymin>528</ymin>
			<xmax>1994</xmax>
			<ymax>791</ymax>
		</bndbox>
	</object>
	<object>
		<name>bottle</name>
		<pose>Unspecified</pose>
		<truncated>0</truncated>
		<difficult>0</difficult>
		<bndbox>
			<xmin>1916</xmin>
			<ymin>439</ymin>
			<xmax>2302</xmax>
			<ymax>591</ymax>
		</bndbox>
	</object>
	<object>
		<name>bottle</name>
		<pose>Unspecified</pose>
		<truncated>0</truncated>
		<difficult>0</difficult>
		<bndbox>
			<xmin>2350</xmin>
			<ymin>409</ymin>
			<xmax>2635</xmax>
			<ymax>498</ymax>
		</bndbox>
	</object>
	<object>
		<name>bottle</name>
		<pose>Unspecified</pose>
		<truncated>0</truncated>
		<difficult>0</difficult>
		<bndbox>
			<xmin>2302</xmin>
			<ymin>479</ymin>
			<xmax>2672</xmax>
			<ymax>609</ymax>
		</bndbox>
	</object>
</annotation>
