<annotation>
	<folder>NewDataset</folder>
	<filename>IMG_20190318_181726.jpg</filename>
	<path>D:\NewDataset\IMG_20190318_181726.jpg</path>
	<source>
		<database>Unknown</database>
	</source>
	<size>
		<width>3264</width>
		<height>2448</height>
		<depth>3</depth>
	</size>
	<segmented>0</segmented>
	<object>
		<name>bottle</name>
		<pose>Unspecified</pose>
		<truncated>0</truncated>
		<difficult>0</difficult>
		<bndbox>
			<xmin>1865</xmin>
			<ymin>561</ymin>
			<xmax>2113</xmax>
			<ymax>794</ymax>
		</bndbox>
	</object>
	<object>
		<name>bottle</name>
		<pose>Unspecified</pose>
		<truncated>0</truncated>
		<difficult>0</difficult>
		<bndbox>
			<xmin>2065</xmin>
			<ymin>442</ymin>
			<xmax>2379</xmax>
			<ymax>605</ymax>
		</bndbox>
	</object>
	<object>
		<name>bottle</name>
		<pose>Unspecified</pose>
		<truncated>0</truncated>
		<difficult>0</difficult>
		<bndbox>
			<xmin>2624</xmin>
			<ymin>535</ymin>
			<xmax>2868</xmax>
			<ymax>820</ymax>
		</bndbox>
	</object>
	<object>
		<name>bottle</name>
		<pose>Unspecified</pose>
		<truncated>0</truncated>
		<difficult>0</difficult>
		<bndbox>
			<xmin>2376</xmin>
			<ymin>487</ymin>
			<xmax>2687</xmax>
			<ymax>668</ymax>
		</bndbox>
	</object>
	<object>
		<name>bottle</name>
		<pose>Unspecified</pose>
		<truncated>0</truncated>
		<difficult>0</difficult>
		<bndbox>
			<xmin>2387</xmin>
			<ymin>402</ymin>
			<xmax>2661</xmax>
			<ymax>498</ymax>
		</bndbox>
	</object>
</annotation>
