<annotation>
	<folder>NewDataset</folder>
	<filename>IMG_20190318_181728.jpg</filename>
	<path>D:\NewDataset\IMG_20190318_181728.jpg</path>
	<source>
		<database>Unknown</database>
	</source>
	<size>
		<width>3264</width>
		<height>2448</height>
		<depth>3</depth>
	</size>
	<segmented>0</segmented>
	<object>
		<name>bottle</name>
		<pose>Unspecified</pose>
		<truncated>0</truncated>
		<difficult>0</difficult>
		<bndbox>
			<xmin>1772</xmin>
			<ymin>568</ymin>
			<xmax>2235</xmax>
			<ymax>809</ymax>
		</bndbox>
	</object>
	<object>
		<name>bottle</name>
		<pose>Unspecified</pose>
		<truncated>0</truncated>
		<difficult>0</difficult>
		<bndbox>
			<xmin>2624</xmin>
			<ymin>554</ymin>
			<xmax>2902</xmax>
			<ymax>779</ymax>
		</bndbox>
	</object>
	<object>
		<name>bottle</name>
		<pose>Unspecified</pose>
		<truncated>0</truncated>
		<difficult>0</difficult>
		<bndbox>
			<xmin>2409</xmin>
			<ymin>424</ymin>
			<xmax>2672</xmax>
			<ymax>505</ymax>
		</bndbox>
	</object>
	<object>
		<name>bottle</name>
		<pose>Unspecified</pose>
		<truncated>0</truncated>
		<difficult>0</difficult>
		<bndbox>
			<xmin>2120</xmin>
			<ymin>446</ymin>
			<xmax>2435</xmax>
			<ymax>639</ymax>
		</bndbox>
	</object>
	<object>
		<name>bottle</name>
		<pose>Unspecified</pose>
		<truncated>0</truncated>
		<difficult>0</difficult>
		<bndbox>
			<xmin>2405</xmin>
			<ymin>479</ymin>
			<xmax>2665</xmax>
			<ymax>624</ymax>
		</bndbox>
	</object>
</annotation>
