<annotation>
	<folder>NewDataset</folder>
	<filename>IMG_20190318_181729.jpg</filename>
	<path>D:\NewDataset\IMG_20190318_181729.jpg</path>
	<source>
		<database>Unknown</database>
	</source>
	<size>
		<width>3264</width>
		<height>2448</height>
		<depth>3</depth>
	</size>
	<segmented>0</segmented>
	<object>
		<name>bottle</name>
		<pose>Unspecified</pose>
		<truncated>0</truncated>
		<difficult>0</difficult>
		<bndbox>
			<xmin>1816</xmin>
			<ymin>661</ymin>
			<xmax>2353</xmax>
			<ymax>854</ymax>
		</bndbox>
	</object>
	<object>
		<name>bottle</name>
		<pose>Unspecified</pose>
		<truncated>0</truncated>
		<difficult>0</difficult>
		<bndbox>
			<xmin>2076</xmin>
			<ymin>498</ymin>
			<xmax>2498</xmax>
			<ymax>687</ymax>
		</bndbox>
	</object>
	<object>
		<name>bottle</name>
		<pose>Unspecified</pose>
		<truncated>0</truncated>
		<difficult>0</difficult>
		<bndbox>
			<xmin>2679</xmin>
			<ymin>568</ymin>
			<xmax>2946</xmax>
			<ymax>854</ymax>
		</bndbox>
	</object>
	<object>
		<name>bottle</name>
		<pose>Unspecified</pose>
		<truncated>0</truncated>
		<difficult>0</difficult>
		<bndbox>
			<xmin>2424</xmin>
			<ymin>409</ymin>
			<xmax>2698</xmax>
			<ymax>517</ymax>
		</bndbox>
	</object>
	<object>
		<name>bottle</name>
		<pose>Unspecified</pose>
		<truncated>0</truncated>
		<difficult>0</difficult>
		<bndbox>
			<xmin>2498</xmin>
			<ymin>502</ymin>
			<xmax>2790</xmax>
			<ymax>628</ymax>
		</bndbox>
	</object>
</annotation>
