<annotation>
	<folder>NewDataset</folder>
	<filename>IMG_20190318_181733.jpg</filename>
	<path>D:\NewDataset\IMG_20190318_181733.jpg</path>
	<source>
		<database>Unknown</database>
	</source>
	<size>
		<width>3264</width>
		<height>2448</height>
		<depth>3</depth>
	</size>
	<segmented>0</segmented>
	<object>
		<name>bottle</name>
		<pose>Unspecified</pose>
		<truncated>0</truncated>
		<difficult>0</difficult>
		<bndbox>
			<xmin>1924</xmin>
			<ymin>813</ymin>
			<xmax>2535</xmax>
			<ymax>1002</ymax>
		</bndbox>
	</object>
	<object>
		<name>bottle</name>
		<pose>Unspecified</pose>
		<truncated>0</truncated>
		<difficult>0</difficult>
		<bndbox>
			<xmin>2713</xmin>
			<ymin>683</ymin>
			<xmax>2927</xmax>
			<ymax>946</ymax>
		</bndbox>
	</object>
	<object>
		<name>bottle</name>
		<pose>Unspecified</pose>
		<truncated>0</truncated>
		<difficult>0</difficult>
		<bndbox>
			<xmin>2061</xmin>
			<ymin>565</ymin>
			<xmax>2513</xmax>
			<ymax>750</ymax>
		</bndbox>
	</object>
	<object>
		<name>bottle</name>
		<pose>Unspecified</pose>
		<truncated>0</truncated>
		<difficult>0</difficult>
		<bndbox>
			<xmin>2335</xmin>
			<ymin>554</ymin>
			<xmax>2772</xmax>
			<ymax>665</ymax>
		</bndbox>
	</object>
	<object>
		<name>bottle</name>
		<pose>Unspecified</pose>
		<truncated>0</truncated>
		<difficult>0</difficult>
		<bndbox>
			<xmin>2468</xmin>
			<ymin>457</ymin>
			<xmax>2713</xmax>
			<ymax>550</ymax>
		</bndbox>
	</object>
</annotation>
