<annotation>
	<folder>NewDataset</folder>
	<filename>IMG_20190318_181736.jpg</filename>
	<path>D:\NewDataset\IMG_20190318_181736.jpg</path>
	<source>
		<database>Unknown</database>
	</source>
	<size>
		<width>3264</width>
		<height>2448</height>
		<depth>3</depth>
	</size>
	<segmented>0</segmented>
	<object>
		<name>bottle</name>
		<pose>Unspecified</pose>
		<truncated>0</truncated>
		<difficult>0</difficult>
		<bndbox>
			<xmin>2016</xmin>
			<ymin>883</ymin>
			<xmax>2672</xmax>
			<ymax>1079</ymax>
		</bndbox>
	</object>
	<object>
		<name>bottle</name>
		<pose>Unspecified</pose>
		<truncated>0</truncated>
		<difficult>0</difficult>
		<bndbox>
			<xmin>2627</xmin>
			<ymin>772</ymin>
			<xmax>3065</xmax>
			<ymax>1031</ymax>
		</bndbox>
	</object>
	<object>
		<name>bottle</name>
		<pose>Unspecified</pose>
		<truncated>0</truncated>
		<difficult>0</difficult>
		<bndbox>
			<xmin>2131</xmin>
			<ymin>639</ymin>
			<xmax>2646</xmax>
			<ymax>805</ymax>
		</bndbox>
	</object>
	<object>
		<name>bottle</name>
		<pose>Unspecified</pose>
		<truncated>0</truncated>
		<difficult>0</difficult>
		<bndbox>
			<xmin>2390</xmin>
			<ymin>576</ymin>
			<xmax>2872</xmax>
			<ymax>713</ymax>
		</bndbox>
	</object>
	<object>
		<name>bottle</name>
		<pose>Unspecified</pose>
		<truncated>0</truncated>
		<difficult>0</difficult>
		<bndbox>
			<xmin>2539</xmin>
			<ymin>468</ymin>
			<xmax>2809</xmax>
			<ymax>639</ymax>
		</bndbox>
	</object>
</annotation>
