<annotation>
	<folder>NewDataset</folder>
	<filename>IMG_20190318_181737.jpg</filename>
	<path>D:\NewDataset\IMG_20190318_181737.jpg</path>
	<source>
		<database>Unknown</database>
	</source>
	<size>
		<width>3264</width>
		<height>2448</height>
		<depth>3</depth>
	</size>
	<segmented>0</segmented>
	<object>
		<name>bottle</name>
		<pose>Unspecified</pose>
		<truncated>0</truncated>
		<difficult>0</difficult>
		<bndbox>
			<xmin>2005</xmin>
			<ymin>894</ymin>
			<xmax>2672</xmax>
			<ymax>1094</ymax>
		</bndbox>
	</object>
	<object>
		<name>bottle</name>
		<pose>Unspecified</pose>
		<truncated>0</truncated>
		<difficult>0</difficult>
		<bndbox>
			<xmin>2698</xmin>
			<ymin>765</ymin>
			<xmax>3102</xmax>
			<ymax>1079</ymax>
		</bndbox>
	</object>
	<object>
		<name>bottle</name>
		<pose>Unspecified</pose>
		<truncated>0</truncated>
		<difficult>0</difficult>
		<bndbox>
			<xmin>2150</xmin>
			<ymin>639</ymin>
			<xmax>2683</xmax>
			<ymax>787</ymax>
		</bndbox>
	</object>
	<object>
		<name>bottle</name>
		<pose>Unspecified</pose>
		<truncated>0</truncated>
		<difficult>0</difficult>
		<bndbox>
			<xmin>2583</xmin>
			<ymin>476</ymin>
			<xmax>2798</xmax>
			<ymax>605</ymax>
		</bndbox>
	</object>
	<object>
		<name>bottle</name>
		<pose>Unspecified</pose>
		<truncated>0</truncated>
		<difficult>0</difficult>
		<bndbox>
			<xmin>2420</xmin>
			<ymin>591</ymin>
			<xmax>2879</xmax>
			<ymax>728</ymax>
		</bndbox>
	</object>
</annotation>
