<annotation>
	<folder>NewDataset</folder>
	<filename>IMG_20190318_181739.jpg</filename>
	<path>D:\NewDataset\IMG_20190318_181739.jpg</path>
	<source>
		<database>Unknown</database>
	</source>
	<size>
		<width>3264</width>
		<height>2448</height>
		<depth>3</depth>
	</size>
	<segmented>0</segmented>
	<object>
		<name>bottle</name>
		<pose>Unspecified</pose>
		<truncated>0</truncated>
		<difficult>0</difficult>
		<bndbox>
			<xmin>2572</xmin>
			<ymin>505</ymin>
			<xmax>2857</xmax>
			<ymax>654</ymax>
		</bndbox>
	</object>
	<object>
		<name>bottle</name>
		<pose>Unspecified</pose>
		<truncated>0</truncated>
		<difficult>0</difficult>
		<bndbox>
			<xmin>2402</xmin>
			<ymin>646</ymin>
			<xmax>2961</xmax>
			<ymax>746</ymax>
		</bndbox>
	</object>
	<object>
		<name>bottle</name>
		<pose>Unspecified</pose>
		<truncated>0</truncated>
		<difficult>0</difficult>
		<bndbox>
			<xmin>2276</xmin>
			<ymin>676</ymin>
			<xmax>2861</xmax>
			<ymax>831</ymax>
		</bndbox>
	</object>
	<object>
		<name>bottle</name>
		<pose>Unspecified</pose>
		<truncated>0</truncated>
		<difficult>0</difficult>
		<bndbox>
			<xmin>1994</xmin>
			<ymin>854</ymin>
			<xmax>2709</xmax>
			<ymax>1113</ymax>
		</bndbox>
	</object>
	<object>
		<name>bottle</name>
		<pose>Unspecified</pose>
		<truncated>0</truncated>
		<difficult>0</difficult>
		<bndbox>
			<xmin>2835</xmin>
			<ymin>813</ymin>
			<xmax>3220</xmax>
			<ymax>1131</ymax>
		</bndbox>
	</object>
</annotation>
