<annotation>
	<folder>Images</folder>
	<filename>11.bmp</filename>
	<path>C:\Users\Hp\Desktop\converted2bmp\training\Images\11.bmp</path>
	<source>
		<database>Unknown</database>
	</source>
	<size>
		<width>267</width>
		<height>169</height>
		<depth>3</depth>
	</size>
	<segmented>0</segmented>
	<object>
		<name>bottle</name>
		<pose>Unspecified</pose>
		<truncated>0</truncated>
		<difficult>0</difficult>
		<bndbox>
			<xmin>96</xmin>
			<ymin>83</ymin>
			<xmax>174</xmax>
			<ymax>125</ymax>
		</bndbox>
	</object>
</annotation>
