<annotation>
	<folder>NewDataset</folder>
	<filename>IMG_20190318_181742_1.jpg</filename>
	<path>D:\NewDataset\IMG_20190318_181742_1.jpg</path>
	<source>
		<database>Unknown</database>
	</source>
	<size>
		<width>3264</width>
		<height>2448</height>
		<depth>3</depth>
	</size>
	<segmented>0</segmented>
	<object>
		<name>bottle</name>
		<pose>Unspecified</pose>
		<truncated>0</truncated>
		<difficult>0</difficult>
		<bndbox>
			<xmin>2646</xmin>
			<ymin>583</ymin>
			<xmax>2946</xmax>
			<ymax>717</ymax>
		</bndbox>
	</object>
	<object>
		<name>bottle</name>
		<pose>Unspecified</pose>
		<truncated>0</truncated>
		<difficult>0</difficult>
		<bndbox>
			<xmin>2439</xmin>
			<ymin>672</ymin>
			<xmax>3016</xmax>
			<ymax>794</ymax>
		</bndbox>
	</object>
	<object>
		<name>bottle</name>
		<pose>Unspecified</pose>
		<truncated>0</truncated>
		<difficult>0</difficult>
		<bndbox>
			<xmin>2416</xmin>
			<ymin>746</ymin>
			<xmax>3031</xmax>
			<ymax>909</ymax>
		</bndbox>
	</object>
	<object>
		<name>bottle</name>
		<pose>Unspecified</pose>
		<truncated>0</truncated>
		<difficult>0</difficult>
		<bndbox>
			<xmin>2131</xmin>
			<ymin>794</ymin>
			<xmax>2765</xmax>
			<ymax>1031</ymax>
		</bndbox>
	</object>
	<object>
		<name>bottle</name>
		<pose>Unspecified</pose>
		<truncated>0</truncated>
		<difficult>0</difficult>
		<bndbox>
			<xmin>2979</xmin>
			<ymin>809</ymin>
			<xmax>3213</xmax>
			<ymax>1254</ymax>
		</bndbox>
	</object>
</annotation>
