<annotation>
	<folder>NewDataset</folder>
	<filename>IMG_20190318_181743.jpg</filename>
	<path>D:\NewDataset\IMG_20190318_181743.jpg</path>
	<source>
		<database>Unknown</database>
	</source>
	<size>
		<width>3264</width>
		<height>2448</height>
		<depth>3</depth>
	</size>
	<segmented>0</segmented>
	<object>
		<name>bottle</name>
		<pose>Unspecified</pose>
		<truncated>0</truncated>
		<difficult>0</difficult>
		<bndbox>
			<xmin>2153</xmin>
			<ymin>761</ymin>
			<xmax>2642</xmax>
			<ymax>1017</ymax>
		</bndbox>
	</object>
	<object>
		<name>bottle</name>
		<pose>Unspecified</pose>
		<truncated>0</truncated>
		<difficult>0</difficult>
		<bndbox>
			<xmin>2642</xmin>
			<ymin>768</ymin>
			<xmax>3061</xmax>
			<ymax>931</ymax>
		</bndbox>
	</object>
	<object>
		<name>bottle</name>
		<pose>Unspecified</pose>
		<truncated>0</truncated>
		<difficult>0</difficult>
		<bndbox>
			<xmin>2450</xmin>
			<ymin>709</ymin>
			<xmax>2998</xmax>
			<ymax>854</ymax>
		</bndbox>
	</object>
	<object>
		<name>bottle</name>
		<pose>Unspecified</pose>
		<truncated>0</truncated>
		<difficult>0</difficult>
		<bndbox>
			<xmin>2635</xmin>
			<ymin>583</ymin>
			<xmax>2946</xmax>
			<ymax>761</ymax>
		</bndbox>
	</object>
	<object>
		<name>bottle</name>
		<pose>Unspecified</pose>
		<truncated>0</truncated>
		<difficult>0</difficult>
		<bndbox>
			<xmin>2894</xmin>
			<ymin>857</ymin>
			<xmax>3183</xmax>
			<ymax>1239</ymax>
		</bndbox>
	</object>
</annotation>
