<annotation>
	<folder>NewDataset</folder>
	<filename>IMG_20190318_181745.jpg</filename>
	<path>D:\NewDataset\IMG_20190318_181745.jpg</path>
	<source>
		<database>Unknown</database>
	</source>
	<size>
		<width>3264</width>
		<height>2448</height>
		<depth>3</depth>
	</size>
	<segmented>0</segmented>
	<object>
		<name>bottle</name>
		<pose>Unspecified</pose>
		<truncated>0</truncated>
		<difficult>0</difficult>
		<bndbox>
			<xmin>2135</xmin>
			<ymin>746</ymin>
			<xmax>2520</xmax>
			<ymax>1042</ymax>
		</bndbox>
	</object>
	<object>
		<name>bottle</name>
		<pose>Unspecified</pose>
		<truncated>0</truncated>
		<difficult>0</difficult>
		<bndbox>
			<xmin>2694</xmin>
			<ymin>876</ymin>
			<xmax>3079</xmax>
			<ymax>1220</ymax>
		</bndbox>
	</object>
	<object>
		<name>bottle</name>
		<pose>Unspecified</pose>
		<truncated>0</truncated>
		<difficult>0</difficult>
		<bndbox>
			<xmin>2498</xmin>
			<ymin>805</ymin>
			<xmax>3176</xmax>
			<ymax>1013</ymax>
		</bndbox>
	</object>
	<object>
		<name>bottle</name>
		<pose>Unspecified</pose>
		<truncated>0</truncated>
		<difficult>0</difficult>
		<bndbox>
			<xmin>2613</xmin>
			<ymin>591</ymin>
			<xmax>2909</xmax>
			<ymax>728</ymax>
		</bndbox>
	</object>
	<object>
		<name>bottle</name>
		<pose>Unspecified</pose>
		<truncated>0</truncated>
		<difficult>0</difficult>
		<bndbox>
			<xmin>2487</xmin>
			<ymin>713</ymin>
			<xmax>3039</xmax>
			<ymax>842</ymax>
		</bndbox>
	</object>
</annotation>
