<annotation>
	<folder>NewDataset</folder>
	<filename>IMG_20190318_181803.jpg</filename>
	<path>D:\NewDataset\IMG_20190318_181803.jpg</path>
	<source>
		<database>Unknown</database>
	</source>
	<size>
		<width>3264</width>
		<height>2448</height>
		<depth>3</depth>
	</size>
	<segmented>0</segmented>
	<object>
		<name>bottle</name>
		<pose>Unspecified</pose>
		<truncated>1</truncated>
		<difficult>0</difficult>
		<bndbox>
			<xmin>68</xmin>
			<ymin>1983</ymin>
			<xmax>1374</xmax>
			<ymax>2448</ymax>
		</bndbox>
	</object>
	<object>
		<name>bottle</name>
		<pose>Unspecified</pose>
		<truncated>0</truncated>
		<difficult>0</difficult>
		<bndbox>
			<xmin>42</xmin>
			<ymin>1054</ymin>
			<xmax>461</xmax>
			<ymax>1465</ymax>
		</bndbox>
	</object>
	<object>
		<name>bottle</name>
		<pose>Unspecified</pose>
		<truncated>0</truncated>
		<difficult>0</difficult>
		<bndbox>
			<xmin>876</xmin>
			<ymin>794</ymin>
			<xmax>1442</xmax>
			<ymax>1176</ymax>
		</bndbox>
	</object>
	<object>
		<name>bottle</name>
		<pose>Unspecified</pose>
		<truncated>0</truncated>
		<difficult>0</difficult>
		<bndbox>
			<xmin>413</xmin>
			<ymin>576</ymin>
			<xmax>1005</xmax>
			<ymax>809</ymax>
		</bndbox>
	</object>
	<object>
		<name>bottle</name>
		<pose>Unspecified</pose>
		<truncated>0</truncated>
		<difficult>0</difficult>
		<bndbox>
			<xmin>2139</xmin>
			<ymin>509</ymin>
			<xmax>2650</xmax>
			<ymax>694</ymax>
		</bndbox>
	</object>
</annotation>
