<annotation>
	<folder>NewDataset</folder>
	<filename>IMG_20190318_181812.jpg</filename>
	<path>D:\NewDataset\IMG_20190318_181812.jpg</path>
	<source>
		<database>Unknown</database>
	</source>
	<size>
		<width>3264</width>
		<height>2448</height>
		<depth>3</depth>
	</size>
	<segmented>0</segmented>
	<object>
		<name>bottle</name>
		<pose>Unspecified</pose>
		<truncated>0</truncated>
		<difficult>0</difficult>
		<bndbox>
			<xmin>602</xmin>
			<ymin>942</ymin>
			<xmax>1231</xmax>
			<ymax>1172</ymax>
		</bndbox>
	</object>
	<object>
		<name>bottle</name>
		<pose>Unspecified</pose>
		<truncated>0</truncated>
		<difficult>0</difficult>
		<bndbox>
			<xmin>505</xmin>
			<ymin>1391</ymin>
			<xmax>1165</xmax>
			<ymax>1924</ymax>
		</bndbox>
	</object>
	<object>
		<name>bottle</name>
		<pose>Unspecified</pose>
		<truncated>1</truncated>
		<difficult>0</difficult>
		<bndbox>
			<xmin>609</xmin>
			<ymin>1876</ymin>
			<xmax>1823</xmax>
			<ymax>2448</ymax>
		</bndbox>
	</object>
	<object>
		<name>bottle</name>
		<pose>Unspecified</pose>
		<truncated>0</truncated>
		<difficult>0</difficult>
		<bndbox>
			<xmin>1431</xmin>
			<ymin>1731</ymin>
			<xmax>2605</xmax>
			<ymax>2446</ymax>
		</bndbox>
	</object>
	<object>
		<name>bottle</name>
		<pose>Unspecified</pose>
		<truncated>1</truncated>
		<difficult>0</difficult>
		<bndbox>
			<xmin>2835</xmin>
			<ymin>879</ymin>
			<xmax>3264</xmax>
			<ymax>1229</ymax>
		</bndbox>
	</object>
</annotation>
