<annotation>
	<folder>NewDataset</folder>
	<filename>IMG_20190318_181813.jpg</filename>
	<path>D:\NewDataset\IMG_20190318_181813.jpg</path>
	<source>
		<database>Unknown</database>
	</source>
	<size>
		<width>3264</width>
		<height>2448</height>
		<depth>3</depth>
	</size>
	<segmented>0</segmented>
	<object>
		<name>bottle</name>
		<pose>Unspecified</pose>
		<truncated>1</truncated>
		<difficult>0</difficult>
		<bndbox>
			<xmin>713</xmin>
			<ymin>1861</ymin>
			<xmax>1873</xmax>
			<ymax>2448</ymax>
		</bndbox>
	</object>
	<object>
		<name>bottle</name>
		<pose>Unspecified</pose>
		<truncated>0</truncated>
		<difficult>0</difficult>
		<bndbox>
			<xmin>568</xmin>
			<ymin>1379</ymin>
			<xmax>1368</xmax>
			<ymax>1954</ymax>
		</bndbox>
	</object>
	<object>
		<name>bottle</name>
		<pose>Unspecified</pose>
		<truncated>1</truncated>
		<difficult>0</difficult>
		<bndbox>
			<xmin>1605</xmin>
			<ymin>1802</ymin>
			<xmax>2816</xmax>
			<ymax>2448</ymax>
		</bndbox>
	</object>
	<object>
		<name>bottle</name>
		<pose>Unspecified</pose>
		<truncated>1</truncated>
		<difficult>0</difficult>
		<bndbox>
			<xmin>2890</xmin>
			<ymin>950</ymin>
			<xmax>3264</xmax>
			<ymax>1266</ymax>
		</bndbox>
	</object>
	<object>
		<name>bottle</name>
		<pose>Unspecified</pose>
		<truncated>0</truncated>
		<difficult>0</difficult>
		<bndbox>
			<xmin>661</xmin>
			<ymin>946</ymin>
			<xmax>1250</xmax>
			<ymax>1179</ymax>
		</bndbox>
	</object>
</annotation>
