<annotation>
	<folder>NewDataset</folder>
	<filename>IMG_20190318_181819.jpg</filename>
	<path>D:\NewDataset\IMG_20190318_181819.jpg</path>
	<source>
		<database>Unknown</database>
	</source>
	<size>
		<width>3264</width>
		<height>2448</height>
		<depth>3</depth>
	</size>
	<segmented>0</segmented>
	<object>
		<name>bottle</name>
		<pose>Unspecified</pose>
		<truncated>0</truncated>
		<difficult>0</difficult>
		<bndbox>
			<xmin>861</xmin>
			<ymin>835</ymin>
			<xmax>1498</xmax>
			<ymax>1217</ymax>
		</bndbox>
	</object>
	<object>
		<name>bottle</name>
		<pose>Unspecified</pose>
		<truncated>0</truncated>
		<difficult>0</difficult>
		<bndbox>
			<xmin>1079</xmin>
			<ymin>1479</ymin>
			<xmax>1827</xmax>
			<ymax>2079</ymax>
		</bndbox>
	</object>
	<object>
		<name>bottle</name>
		<pose>Unspecified</pose>
		<truncated>1</truncated>
		<difficult>0</difficult>
		<bndbox>
			<xmin>1035</xmin>
			<ymin>1691</ymin>
			<xmax>1715</xmax>
			<ymax>2448</ymax>
		</bndbox>
	</object>
	<object>
		<name>bottle</name>
		<pose>Unspecified</pose>
		<truncated>1</truncated>
		<difficult>0</difficult>
		<bndbox>
			<xmin>3031</xmin>
			<ymin>1242</ymin>
			<xmax>3264</xmax>
			<ymax>1471</ymax>
		</bndbox>
	</object>
	<object>
		<name>bottle</name>
		<pose>Unspecified</pose>
		<truncated>1</truncated>
		<difficult>0</difficult>
		<bndbox>
			<xmin>2190</xmin>
			<ymin>2046</ymin>
			<xmax>3263</xmax>
			<ymax>2448</ymax>
		</bndbox>
	</object>
</annotation>
