<annotation>
	<folder>NewDataset</folder>
	<filename>IMG_20190318_181847.jpg</filename>
	<path>D:\NewDataset\IMG_20190318_181847.jpg</path>
	<source>
		<database>Unknown</database>
	</source>
	<size>
		<width>3264</width>
		<height>2448</height>
		<depth>3</depth>
	</size>
	<segmented>0</segmented>
	<object>
		<name>bottle</name>
		<pose>Unspecified</pose>
		<truncated>0</truncated>
		<difficult>0</difficult>
		<bndbox>
			<xmin>576</xmin>
			<ymin>1005</ymin>
			<xmax>1346</xmax>
			<ymax>1402</ymax>
		</bndbox>
	</object>
	<object>
		<name>bottle</name>
		<pose>Unspecified</pose>
		<truncated>1</truncated>
		<difficult>0</difficult>
		<bndbox>
			<xmin>605</xmin>
			<ymin>1491</ymin>
			<xmax>991</xmax>
			<ymax>2448</ymax>
		</bndbox>
	</object>
	<object>
		<name>bottle</name>
		<pose>Unspecified</pose>
		<truncated>1</truncated>
		<difficult>0</difficult>
		<bndbox>
			<xmin>913</xmin>
			<ymin>2050</ymin>
			<xmax>2172</xmax>
			<ymax>2448</ymax>
		</bndbox>
	</object>
	<object>
		<name>bottle</name>
		<pose>Unspecified</pose>
		<truncated>1</truncated>
		<difficult>0</difficult>
		<bndbox>
			<xmin>2225</xmin>
			<ymin>1565</ymin>
			<xmax>3016</xmax>
			<ymax>2448</ymax>
		</bndbox>
	</object>
	<object>
		<name>bottle</name>
		<pose>Unspecified</pose>
		<truncated>1</truncated>
		<difficult>0</difficult>
		<bndbox>
			<xmin>2809</xmin>
			<ymin>1726</ymin>
			<xmax>3264</xmax>
			<ymax>2205</ymax>
		</bndbox>
	</object>
</annotation>
