<annotation>
	<folder>NewDataset</folder>
	<filename>IMG_20190318_181850.jpg</filename>
	<path>D:\NewDataset\IMG_20190318_181850.jpg</path>
	<source>
		<database>Unknown</database>
	</source>
	<size>
		<width>3264</width>
		<height>2448</height>
		<depth>3</depth>
	</size>
	<segmented>0</segmented>
	<object>
		<name>bottle</name>
		<pose>Unspecified</pose>
		<truncated>0</truncated>
		<difficult>0</difficult>
		<bndbox>
			<xmin>457</xmin>
			<ymin>1028</ymin>
			<xmax>1253</xmax>
			<ymax>1342</ymax>
		</bndbox>
	</object>
	<object>
		<name>bottle</name>
		<pose>Unspecified</pose>
		<truncated>0</truncated>
		<difficult>0</difficult>
		<bndbox>
			<xmin>835</xmin>
			<ymin>1420</ymin>
			<xmax>1239</xmax>
			<ymax>2357</ymax>
		</bndbox>
	</object>
	<object>
		<name>bottle</name>
		<pose>Unspecified</pose>
		<truncated>0</truncated>
		<difficult>0</difficult>
		<bndbox>
			<xmin>1124</xmin>
			<ymin>1928</ymin>
			<xmax>2261</xmax>
			<ymax>2383</ymax>
		</bndbox>
	</object>
	<object>
		<name>bottle</name>
		<pose>Unspecified</pose>
		<truncated>0</truncated>
		<difficult>0</difficult>
		<bndbox>
			<xmin>2272</xmin>
			<ymin>1657</ymin>
			<xmax>3209</xmax>
			<ymax>2413</ymax>
		</bndbox>
	</object>
	<object>
		<name>bottle</name>
		<pose>Unspecified</pose>
		<truncated>1</truncated>
		<difficult>0</difficult>
		<bndbox>
			<xmin>2953</xmin>
			<ymin>1975</ymin>
			<xmax>3264</xmax>
			<ymax>2317</ymax>
		</bndbox>
	</object>
</annotation>
