<annotation>
	<folder>NewDataset</folder>
	<filename>IMG_20190318_181851_1.jpg</filename>
	<path>D:\NewDataset\IMG_20190318_181851_1.jpg</path>
	<source>
		<database>Unknown</database>
	</source>
	<size>
		<width>3264</width>
		<height>2448</height>
		<depth>3</depth>
	</size>
	<segmented>0</segmented>
	<object>
		<name>bottle</name>
		<pose>Unspecified</pose>
		<truncated>0</truncated>
		<difficult>0</difficult>
		<bndbox>
			<xmin>365</xmin>
			<ymin>946</ymin>
			<xmax>1120</xmax>
			<ymax>1250</ymax>
		</bndbox>
	</object>
	<object>
		<name>bottle</name>
		<pose>Unspecified</pose>
		<truncated>0</truncated>
		<difficult>0</difficult>
		<bndbox>
			<xmin>1057</xmin>
			<ymin>1283</ymin>
			<xmax>1368</xmax>
			<ymax>2161</ymax>
		</bndbox>
	</object>
	<object>
		<name>bottle</name>
		<pose>Unspecified</pose>
		<truncated>0</truncated>
		<difficult>0</difficult>
		<bndbox>
			<xmin>1305</xmin>
			<ymin>1761</ymin>
			<xmax>2402</xmax>
			<ymax>2265</ymax>
		</bndbox>
	</object>
	<object>
		<name>bottle</name>
		<pose>Unspecified</pose>
		<truncated>1</truncated>
		<difficult>0</difficult>
		<bndbox>
			<xmin>2357</xmin>
			<ymin>1557</ymin>
			<xmax>3264</xmax>
			<ymax>2372</ymax>
		</bndbox>
	</object>
	<object>
		<name>bottle</name>
		<pose>Unspecified</pose>
		<truncated>1</truncated>
		<difficult>0</difficult>
		<bndbox>
			<xmin>3076</xmin>
			<ymin>2094</ymin>
			<xmax>3264</xmax>
			<ymax>2315</ymax>
		</bndbox>
	</object>
</annotation>
