<annotation>
	<folder>NewDataset</folder>
	<filename>IMG_20190318_181852.jpg</filename>
	<path>D:\NewDataset\IMG_20190318_181852.jpg</path>
	<source>
		<database>Unknown</database>
	</source>
	<size>
		<width>3264</width>
		<height>2448</height>
		<depth>3</depth>
	</size>
	<segmented>0</segmented>
	<object>
		<name>bottle</name>
		<pose>Unspecified</pose>
		<truncated>0</truncated>
		<difficult>0</difficult>
		<bndbox>
			<xmin>331</xmin>
			<ymin>891</ymin>
			<xmax>1057</xmax>
			<ymax>1165</ymax>
		</bndbox>
	</object>
	<object>
		<name>bottle</name>
		<pose>Unspecified</pose>
		<truncated>0</truncated>
		<difficult>0</difficult>
		<bndbox>
			<xmin>1220</xmin>
			<ymin>1261</ymin>
			<xmax>1468</xmax>
			<ymax>2024</ymax>
		</bndbox>
	</object>
	<object>
		<name>bottle</name>
		<pose>Unspecified</pose>
		<truncated>0</truncated>
		<difficult>0</difficult>
		<bndbox>
			<xmin>1416</xmin>
			<ymin>1742</ymin>
			<xmax>2513</xmax>
			<ymax>2128</ymax>
		</bndbox>
	</object>
	<object>
		<name>bottle</name>
		<pose>Unspecified</pose>
		<truncated>1</truncated>
		<difficult>0</difficult>
		<bndbox>
			<xmin>2431</xmin>
			<ymin>1568</ymin>
			<xmax>3264</xmax>
			<ymax>2379</ymax>
		</bndbox>
	</object>
	<object>
		<name>bottle</name>
		<pose>Unspecified</pose>
		<truncated>1</truncated>
		<difficult>0</difficult>
		<bndbox>
			<xmin>3153</xmin>
			<ymin>2113</ymin>
			<xmax>3264</xmax>
			<ymax>2345</ymax>
		</bndbox>
	</object>
</annotation>
