<annotation>
	<folder>NewDataset</folder>
	<filename>IMG_20190318_181853.jpg</filename>
	<path>D:\NewDataset\IMG_20190318_181853.jpg</path>
	<source>
		<database>Unknown</database>
	</source>
	<size>
		<width>3264</width>
		<height>2448</height>
		<depth>3</depth>
	</size>
	<segmented>0</segmented>
	<object>
		<name>bottle</name>
		<pose>Unspecified</pose>
		<truncated>0</truncated>
		<difficult>0</difficult>
		<bndbox>
			<xmin>294</xmin>
			<ymin>828</ymin>
			<xmax>994</xmax>
			<ymax>1128</ymax>
		</bndbox>
	</object>
	<object>
		<name>bottle</name>
		<pose>Unspecified</pose>
		<truncated>0</truncated>
		<difficult>0</difficult>
		<bndbox>
			<xmin>1283</xmin>
			<ymin>1168</ymin>
			<xmax>1605</xmax>
			<ymax>1902</ymax>
		</bndbox>
	</object>
	<object>
		<name>bottle</name>
		<pose>Unspecified</pose>
		<truncated>0</truncated>
		<difficult>0</difficult>
		<bndbox>
			<xmin>1572</xmin>
			<ymin>1617</ymin>
			<xmax>2627</xmax>
			<ymax>2083</ymax>
		</bndbox>
	</object>
	<object>
		<name>bottle</name>
		<pose>Unspecified</pose>
		<truncated>1</truncated>
		<difficult>0</difficult>
		<bndbox>
			<xmin>2498</xmin>
			<ymin>1603</ymin>
			<xmax>3264</xmax>
			<ymax>2394</ymax>
		</bndbox>
	</object>
</annotation>
