<annotation>
	<folder>NewDataset</folder>
	<filename>IMG_20190318_181854.jpg</filename>
	<path>D:\NewDataset\IMG_20190318_181854.jpg</path>
	<source>
		<database>Unknown</database>
	</source>
	<size>
		<width>3264</width>
		<height>2448</height>
		<depth>3</depth>
	</size>
	<segmented>0</segmented>
	<object>
		<name>bottle</name>
		<pose>Unspecified</pose>
		<truncated>0</truncated>
		<difficult>0</difficult>
		<bndbox>
			<xmin>239</xmin>
			<ymin>757</ymin>
			<xmax>924</xmax>
			<ymax>1072</ymax>
		</bndbox>
	</object>
	<object>
		<name>bottle</name>
		<pose>Unspecified</pose>
		<truncated>0</truncated>
		<difficult>0</difficult>
		<bndbox>
			<xmin>1335</xmin>
			<ymin>1142</ymin>
			<xmax>1694</xmax>
			<ymax>1831</ymax>
		</bndbox>
	</object>
	<object>
		<name>bottle</name>
		<pose>Unspecified</pose>
		<truncated>0</truncated>
		<difficult>0</difficult>
		<bndbox>
			<xmin>1709</xmin>
			<ymin>1579</ymin>
			<xmax>2739</xmax>
			<ymax>2102</ymax>
		</bndbox>
	</object>
	<object>
		<name>bottle</name>
		<pose>Unspecified</pose>
		<truncated>1</truncated>
		<difficult>0</difficult>
		<bndbox>
			<xmin>2576</xmin>
			<ymin>1601</ymin>
			<xmax>3264</xmax>
			<ymax>2379</ymax>
		</bndbox>
	</object>
</annotation>
