<annotation>
	<folder>NewDataset</folder>
	<filename>IMG_20190318_181855_1.jpg</filename>
	<path>D:\NewDataset\IMG_20190318_181855_1.jpg</path>
	<source>
		<database>Unknown</database>
	</source>
	<size>
		<width>3264</width>
		<height>2448</height>
		<depth>3</depth>
	</size>
	<segmented>0</segmented>
	<object>
		<name>bottle</name>
		<pose>Unspecified</pose>
		<truncated>0</truncated>
		<difficult>0</difficult>
		<bndbox>
			<xmin>235</xmin>
			<ymin>720</ymin>
			<xmax>883</xmax>
			<ymax>1031</ymax>
		</bndbox>
	</object>
	<object>
		<name>bottle</name>
		<pose>Unspecified</pose>
		<truncated>0</truncated>
		<difficult>0</difficult>
		<bndbox>
			<xmin>1394</xmin>
			<ymin>1142</ymin>
			<xmax>1842</xmax>
			<ymax>1761</ymax>
		</bndbox>
	</object>
	<object>
		<name>bottle</name>
		<pose>Unspecified</pose>
		<truncated>0</truncated>
		<difficult>0</difficult>
		<bndbox>
			<xmin>1876</xmin>
			<ymin>1557</ymin>
			<xmax>2861</xmax>
			<ymax>2213</ymax>
		</bndbox>
	</object>
	<object>
		<name>bottle</name>
		<pose>Unspecified</pose>
		<truncated>1</truncated>
		<difficult>0</difficult>
		<bndbox>
			<xmin>2661</xmin>
			<ymin>1654</ymin>
			<xmax>3264</xmax>
			<ymax>2428</ymax>
		</bndbox>
	</object>
</annotation>
