<annotation>
	<folder>NewDataset</folder>
	<filename>IMG_20190318_181857.jpg</filename>
	<path>D:\NewDataset\IMG_20190318_181857.jpg</path>
	<source>
		<database>Unknown</database>
	</source>
	<size>
		<width>3264</width>
		<height>2448</height>
		<depth>3</depth>
	</size>
	<segmented>0</segmented>
	<object>
		<name>bottle</name>
		<pose>Unspecified</pose>
		<truncated>0</truncated>
		<difficult>0</difficult>
		<bndbox>
			<xmin>235</xmin>
			<ymin>720</ymin>
			<xmax>876</xmax>
			<ymax>1083</ymax>
		</bndbox>
	</object>
	<object>
		<name>bottle</name>
		<pose>Unspecified</pose>
		<truncated>0</truncated>
		<difficult>0</difficult>
		<bndbox>
			<xmin>1431</xmin>
			<ymin>1146</ymin>
			<xmax>1950</xmax>
			<ymax>1772</ymax>
		</bndbox>
	</object>
	<object>
		<name>bottle</name>
		<pose>Unspecified</pose>
		<truncated>0</truncated>
		<difficult>0</difficult>
		<bndbox>
			<xmin>1927</xmin>
			<ymin>1565</ymin>
			<xmax>2913</xmax>
			<ymax>2313</ymax>
		</bndbox>
	</object>
	<object>
		<name>bottle</name>
		<pose>Unspecified</pose>
		<truncated>1</truncated>
		<difficult>0</difficult>
		<bndbox>
			<xmin>2709</xmin>
			<ymin>1833</ymin>
			<xmax>3264</xmax>
			<ymax>2446</ymax>
		</bndbox>
	</object>
</annotation>
