<annotation>
	<folder>NewDataset</folder>
	<filename>IMG_20190318_181858.jpg</filename>
	<path>D:\NewDataset\IMG_20190318_181858.jpg</path>
	<source>
		<database>Unknown</database>
	</source>
	<size>
		<width>3264</width>
		<height>2448</height>
		<depth>3</depth>
	</size>
	<segmented>0</segmented>
	<object>
		<name>bottle</name>
		<pose>Unspecified</pose>
		<truncated>0</truncated>
		<difficult>0</difficult>
		<bndbox>
			<xmin>216</xmin>
			<ymin>761</ymin>
			<xmax>883</xmax>
			<ymax>1083</ymax>
		</bndbox>
	</object>
	<object>
		<name>bottle</name>
		<pose>Unspecified</pose>
		<truncated>0</truncated>
		<difficult>0</difficult>
		<bndbox>
			<xmin>1450</xmin>
			<ymin>1187</ymin>
			<xmax>1953</xmax>
			<ymax>1791</ymax>
		</bndbox>
	</object>
	<object>
		<name>bottle</name>
		<pose>Unspecified</pose>
		<truncated>0</truncated>
		<difficult>0</difficult>
		<bndbox>
			<xmin>1946</xmin>
			<ymin>1557</ymin>
			<xmax>2831</xmax>
			<ymax>2387</ymax>
		</bndbox>
	</object>
	<object>
		<name>bottle</name>
		<pose>Unspecified</pose>
		<truncated>1</truncated>
		<difficult>0</difficult>
		<bndbox>
			<xmin>2728</xmin>
			<ymin>1839</ymin>
			<xmax>3257</xmax>
			<ymax>2448</ymax>
		</bndbox>
	</object>
</annotation>
