<annotation>
	<folder>NewDataset</folder>
	<filename>IMG_20190318_181859.jpg</filename>
	<path>D:\NewDataset\IMG_20190318_181859.jpg</path>
	<source>
		<database>Unknown</database>
	</source>
	<size>
		<width>3264</width>
		<height>2448</height>
		<depth>3</depth>
	</size>
	<segmented>0</segmented>
	<object>
		<name>bottle</name>
		<pose>Unspecified</pose>
		<truncated>0</truncated>
		<difficult>0</difficult>
		<bndbox>
			<xmin>183</xmin>
			<ymin>783</ymin>
			<xmax>861</xmax>
			<ymax>1087</ymax>
		</bndbox>
	</object>
	<object>
		<name>bottle</name>
		<pose>Unspecified</pose>
		<truncated>0</truncated>
		<difficult>0</difficult>
		<bndbox>
			<xmin>1427</xmin>
			<ymin>1239</ymin>
			<xmax>2031</xmax>
			<ymax>1898</ymax>
		</bndbox>
	</object>
	<object>
		<name>bottle</name>
		<pose>Unspecified</pose>
		<truncated>0</truncated>
		<difficult>0</difficult>
		<bndbox>
			<xmin>1953</xmin>
			<ymin>1550</ymin>
			<xmax>2768</xmax>
			<ymax>2398</ymax>
		</bndbox>
	</object>
	<object>
		<name>bottle</name>
		<pose>Unspecified</pose>
		<truncated>1</truncated>
		<difficult>0</difficult>
		<bndbox>
			<xmin>2739</xmin>
			<ymin>1916</ymin>
			<xmax>3264</xmax>
			<ymax>2446</ymax>
		</bndbox>
	</object>
</annotation>
