<annotation>
	<folder>NewDataset</folder>
	<filename>IMG_20190318_181902.jpg</filename>
	<path>D:\NewDataset\IMG_20190318_181902.jpg</path>
	<source>
		<database>Unknown</database>
	</source>
	<size>
		<width>3264</width>
		<height>2448</height>
		<depth>3</depth>
	</size>
	<segmented>0</segmented>
	<object>
		<name>bottle</name>
		<pose>Unspecified</pose>
		<truncated>0</truncated>
		<difficult>0</difficult>
		<bndbox>
			<xmin>246</xmin>
			<ymin>1113</ymin>
			<xmax>831</xmax>
			<ymax>1417</ymax>
		</bndbox>
	</object>
	<object>
		<name>bottle</name>
		<pose>Unspecified</pose>
		<truncated>0</truncated>
		<difficult>0</difficult>
		<bndbox>
			<xmin>931</xmin>
			<ymin>1624</ymin>
			<xmax>1920</xmax>
			<ymax>2209</ymax>
		</bndbox>
	</object>
	<object>
		<name>bottle</name>
		<pose>Unspecified</pose>
		<truncated>1</truncated>
		<difficult>0</difficult>
		<bndbox>
			<xmin>1735</xmin>
			<ymin>1646</ymin>
			<xmax>2714</xmax>
			<ymax>2448</ymax>
		</bndbox>
	</object>
	<object>
		<name>bottle</name>
		<pose>Unspecified</pose>
		<truncated>0</truncated>
		<difficult>0</difficult>
		<bndbox>
			<xmin>2920</xmin>
			<ymin>1883</ymin>
			<xmax>3261</xmax>
			<ymax>2442</ymax>
		</bndbox>
	</object>
</annotation>
