<annotation>
	<folder>NewDataset</folder>
	<filename>IMG_20190318_181903.jpg</filename>
	<path>D:\NewDataset\IMG_20190318_181903.jpg</path>
	<source>
		<database>Unknown</database>
	</source>
	<size>
		<width>3264</width>
		<height>2448</height>
		<depth>3</depth>
	</size>
	<segmented>0</segmented>
	<object>
		<name>bottle</name>
		<pose>Unspecified</pose>
		<truncated>0</truncated>
		<difficult>0</difficult>
		<bndbox>
			<xmin>209</xmin>
			<ymin>1217</ymin>
			<xmax>813</xmax>
			<ymax>1546</ymax>
		</bndbox>
	</object>
	<object>
		<name>bottle</name>
		<pose>Unspecified</pose>
		<truncated>0</truncated>
		<difficult>0</difficult>
		<bndbox>
			<xmin>709</xmin>
			<ymin>1787</ymin>
			<xmax>1805</xmax>
			<ymax>2291</ymax>
		</bndbox>
	</object>
	<object>
		<name>bottle</name>
		<pose>Unspecified</pose>
		<truncated>0</truncated>
		<difficult>0</difficult>
		<bndbox>
			<xmin>1550</xmin>
			<ymin>1698</ymin>
			<xmax>2546</xmax>
			<ymax>2442</ymax>
		</bndbox>
	</object>
	<object>
		<name>bottle</name>
		<pose>Unspecified</pose>
		<truncated>1</truncated>
		<difficult>0</difficult>
		<bndbox>
			<xmin>2894</xmin>
			<ymin>1596</ymin>
			<xmax>3264</xmax>
			<ymax>2439</ymax>
		</bndbox>
	</object>
</annotation>
