<annotation>
	<folder>Images</folder>
	<filename>12.bmp</filename>
	<path>C:\Users\Hp\Desktop\converted2bmp\training\Images\12.bmp</path>
	<source>
		<database>Unknown</database>
	</source>
	<size>
		<width>269</width>
		<height>180</height>
		<depth>3</depth>
	</size>
	<segmented>0</segmented>
	<object>
		<name>bottle</name>
		<pose>Unspecified</pose>
		<truncated>0</truncated>
		<difficult>0</difficult>
		<bndbox>
			<xmin>105</xmin>
			<ymin>103</ymin>
			<xmax>171</xmax>
			<ymax>129</ymax>
		</bndbox>
	</object>
</annotation>
