<annotation>
	<folder>NewDataset</folder>
	<filename>IMG_20190318_181914.jpg</filename>
	<path>D:\NewDataset\IMG_20190318_181914.jpg</path>
	<source>
		<database>Unknown</database>
	</source>
	<size>
		<width>3264</width>
		<height>2448</height>
		<depth>3</depth>
	</size>
	<segmented>0</segmented>
	<object>
		<name>bottle</name>
		<pose>Unspecified</pose>
		<truncated>1</truncated>
		<difficult>0</difficult>
		<bndbox>
			<xmin>1</xmin>
			<ymin>1857</ymin>
			<xmax>713</xmax>
			<ymax>2199</ymax>
		</bndbox>
	</object>
	<object>
		<name>bottle</name>
		<pose>Unspecified</pose>
		<truncated>1</truncated>
		<difficult>0</difficult>
		<bndbox>
			<xmin>5</xmin>
			<ymin>2228</ymin>
			<xmax>1079</xmax>
			<ymax>2448</ymax>
		</bndbox>
	</object>
	<object>
		<name>bottle</name>
		<pose>Unspecified</pose>
		<truncated>0</truncated>
		<difficult>0</difficult>
		<bndbox>
			<xmin>835</xmin>
			<ymin>1839</ymin>
			<xmax>1887</xmax>
			<ymax>2446</ymax>
		</bndbox>
	</object>
	<object>
		<name>bottle</name>
		<pose>Unspecified</pose>
		<truncated>1</truncated>
		<difficult>0</difficult>
		<bndbox>
			<xmin>2720</xmin>
			<ymin>1956</ymin>
			<xmax>3264</xmax>
			<ymax>2446</ymax>
		</bndbox>
	</object>
</annotation>
