<annotation>
	<folder>NewDataset</folder>
	<filename>IMG_20190318_181914_1.jpg</filename>
	<path>D:\NewDataset\IMG_20190318_181914_1.jpg</path>
	<source>
		<database>Unknown</database>
	</source>
	<size>
		<width>3264</width>
		<height>2448</height>
		<depth>3</depth>
	</size>
	<segmented>0</segmented>
	<object>
		<name>bottle</name>
		<pose>Unspecified</pose>
		<truncated>1</truncated>
		<difficult>0</difficult>
		<bndbox>
			<xmin>1</xmin>
			<ymin>1879</ymin>
			<xmax>676</xmax>
			<ymax>2258</ymax>
		</bndbox>
	</object>
	<object>
		<name>bottle</name>
		<pose>Unspecified</pose>
		<truncated>1</truncated>
		<difficult>0</difficult>
		<bndbox>
			<xmin>1</xmin>
			<ymin>2198</ymin>
			<xmax>1087</xmax>
			<ymax>2440</ymax>
		</bndbox>
	</object>
	<object>
		<name>bottle</name>
		<pose>Unspecified</pose>
		<truncated>0</truncated>
		<difficult>0</difficult>
		<bndbox>
			<xmin>776</xmin>
			<ymin>1894</ymin>
			<xmax>1879</xmax>
			<ymax>2442</ymax>
		</bndbox>
	</object>
	<object>
		<name>bottle</name>
		<pose>Unspecified</pose>
		<truncated>1</truncated>
		<difficult>0</difficult>
		<bndbox>
			<xmin>2668</xmin>
			<ymin>1905</ymin>
			<xmax>3264</xmax>
			<ymax>2435</ymax>
		</bndbox>
	</object>
</annotation>
