<annotation>
	<folder>NewDataset</folder>
	<filename>IMG_20190318_181917.jpg</filename>
	<path>D:\NewDataset\IMG_20190318_181917.jpg</path>
	<source>
		<database>Unknown</database>
	</source>
	<size>
		<width>3264</width>
		<height>2448</height>
		<depth>3</depth>
	</size>
	<segmented>0</segmented>
	<object>
		<name>bottle</name>
		<pose>Unspecified</pose>
		<truncated>1</truncated>
		<difficult>0</difficult>
		<bndbox>
			<xmin>1</xmin>
			<ymin>1831</ymin>
			<xmax>546</xmax>
			<ymax>2226</ymax>
		</bndbox>
	</object>
	<object>
		<name>bottle</name>
		<pose>Unspecified</pose>
		<truncated>1</truncated>
		<difficult>0</difficult>
		<bndbox>
			<xmin>1</xmin>
			<ymin>2157</ymin>
			<xmax>1035</xmax>
			<ymax>2446</ymax>
		</bndbox>
	</object>
	<object>
		<name>bottle</name>
		<pose>Unspecified</pose>
		<truncated>1</truncated>
		<difficult>0</difficult>
		<bndbox>
			<xmin>768</xmin>
			<ymin>1876</ymin>
			<xmax>1810</xmax>
			<ymax>2448</ymax>
		</bndbox>
	</object>
	<object>
		<name>bottle</name>
		<pose>Unspecified</pose>
		<truncated>1</truncated>
		<difficult>0</difficult>
		<bndbox>
			<xmin>2613</xmin>
			<ymin>1819</ymin>
			<xmax>3264</xmax>
			<ymax>2446</ymax>
		</bndbox>
	</object>
</annotation>
