<annotation>
	<folder>NewDataset</folder>
	<filename>IMG_20190318_181919.jpg</filename>
	<path>D:\NewDataset\IMG_20190318_181919.jpg</path>
	<source>
		<database>Unknown</database>
	</source>
	<size>
		<width>3264</width>
		<height>2448</height>
		<depth>3</depth>
	</size>
	<segmented>0</segmented>
	<object>
		<name>bottle</name>
		<pose>Unspecified</pose>
		<truncated>0</truncated>
		<difficult>0</difficult>
		<bndbox>
			<xmin>9</xmin>
			<ymin>1798</ymin>
			<xmax>413</xmax>
			<ymax>2202</ymax>
		</bndbox>
	</object>
	<object>
		<name>bottle</name>
		<pose>Unspecified</pose>
		<truncated>1</truncated>
		<difficult>0</difficult>
		<bndbox>
			<xmin>1</xmin>
			<ymin>2168</ymin>
			<xmax>990</xmax>
			<ymax>2442</ymax>
		</bndbox>
	</object>
	<object>
		<name>bottle</name>
		<pose>Unspecified</pose>
		<truncated>0</truncated>
		<difficult>0</difficult>
		<bndbox>
			<xmin>890</xmin>
			<ymin>1805</ymin>
			<xmax>1827</xmax>
			<ymax>2446</ymax>
		</bndbox>
	</object>
	<object>
		<name>bottle</name>
		<pose>Unspecified</pose>
		<truncated>1</truncated>
		<difficult>0</difficult>
		<bndbox>
			<xmin>2587</xmin>
			<ymin>1938</ymin>
			<xmax>3264</xmax>
			<ymax>2439</ymax>
		</bndbox>
	</object>
</annotation>
