<annotation>
	<folder>NewDataset</folder>
	<filename>IMG_20190318_182210.jpg</filename>
	<path>D:\NewDataset\IMG_20190318_182210.jpg</path>
	<source>
		<database>Unknown</database>
	</source>
	<size>
		<width>3264</width>
		<height>2448</height>
		<depth>3</depth>
	</size>
	<segmented>0</segmented>
	<object>
		<name>bottle</name>
		<pose>Unspecified</pose>
		<truncated>0</truncated>
		<difficult>0</difficult>
		<bndbox>
			<xmin>1268</xmin>
			<ymin>1294</ymin>
			<xmax>2116</xmax>
			<ymax>1717</ymax>
		</bndbox>
	</object>
</annotation>
