<annotation>
	<folder>NewDataset</folder>
	<filename>IMG_20190318_182211.jpg</filename>
	<path>D:\NewDataset\IMG_20190318_182211.jpg</path>
	<source>
		<database>Unknown</database>
	</source>
	<size>
		<width>3264</width>
		<height>2448</height>
		<depth>3</depth>
	</size>
	<segmented>0</segmented>
	<object>
		<name>bottle</name>
		<pose>Unspecified</pose>
		<truncated>0</truncated>
		<difficult>0</difficult>
		<bndbox>
			<xmin>794</xmin>
			<ymin>676</ymin>
			<xmax>1331</xmax>
			<ymax>905</ymax>
		</bndbox>
	</object>
	<object>
		<name>bottle</name>
		<pose>Unspecified</pose>
		<truncated>0</truncated>
		<difficult>0</difficult>
		<bndbox>
			<xmin>1187</xmin>
			<ymin>1391</ymin>
			<xmax>1987</xmax>
			<ymax>1857</ymax>
		</bndbox>
	</object>
</annotation>
