<annotation>
	<folder>NewDataset</folder>
	<filename>IMG_20190318_182212.jpg</filename>
	<path>D:\NewDataset\IMG_20190318_182212.jpg</path>
	<source>
		<database>Unknown</database>
	</source>
	<size>
		<width>3264</width>
		<height>2448</height>
		<depth>3</depth>
	</size>
	<segmented>0</segmented>
	<object>
		<name>bottle</name>
		<pose>Unspecified</pose>
		<truncated>0</truncated>
		<difficult>0</difficult>
		<bndbox>
			<xmin>1016</xmin>
			<ymin>668</ymin>
			<xmax>1431</xmax>
			<ymax>950</ymax>
		</bndbox>
	</object>
	<object>
		<name>bottle</name>
		<pose>Unspecified</pose>
		<truncated>0</truncated>
		<difficult>0</difficult>
		<bndbox>
			<xmin>1061</xmin>
			<ymin>1472</ymin>
			<xmax>1857</xmax>
			<ymax>1961</ymax>
		</bndbox>
	</object>
</annotation>
