<annotation>
	<folder>NewDataset</folder>
	<filename>IMG_20190318_182214.jpg</filename>
	<path>D:\NewDataset\IMG_20190318_182214.jpg</path>
	<source>
		<database>Unknown</database>
	</source>
	<size>
		<width>3264</width>
		<height>2448</height>
		<depth>3</depth>
	</size>
	<segmented>0</segmented>
	<object>
		<name>bottle</name>
		<pose>Unspecified</pose>
		<truncated>0</truncated>
		<difficult>0</difficult>
		<bndbox>
			<xmin>1153</xmin>
			<ymin>676</ymin>
			<xmax>1472</xmax>
			<ymax>935</ymax>
		</bndbox>
	</object>
	<object>
		<name>bottle</name>
		<pose>Unspecified</pose>
		<truncated>0</truncated>
		<difficult>0</difficult>
		<bndbox>
			<xmin>687</xmin>
			<ymin>1546</ymin>
			<xmax>1613</xmax>
			<ymax>1991</ymax>
		</bndbox>
	</object>
</annotation>
