<annotation>
	<folder>NewDataset</folder>
	<filename>IMG_20190318_182215.jpg</filename>
	<path>D:\NewDataset\IMG_20190318_182215.jpg</path>
	<source>
		<database>Unknown</database>
	</source>
	<size>
		<width>3264</width>
		<height>2448</height>
		<depth>3</depth>
	</size>
	<segmented>0</segmented>
	<object>
		<name>bottle</name>
		<pose>Unspecified</pose>
		<truncated>0</truncated>
		<difficult>0</difficult>
		<bndbox>
			<xmin>1105</xmin>
			<ymin>676</ymin>
			<xmax>1516</xmax>
			<ymax>931</ymax>
		</bndbox>
	</object>
	<object>
		<name>bottle</name>
		<pose>Unspecified</pose>
		<truncated>0</truncated>
		<difficult>0</difficult>
		<bndbox>
			<xmin>613</xmin>
			<ymin>1620</ymin>
			<xmax>1565</xmax>
			<ymax>2017</ymax>
		</bndbox>
	</object>
</annotation>
