<annotation>
	<folder>NewDataset</folder>
	<filename>IMG_20190318_182216.jpg</filename>
	<path>D:\NewDataset\IMG_20190318_182216.jpg</path>
	<source>
		<database>Unknown</database>
	</source>
	<size>
		<width>3264</width>
		<height>2448</height>
		<depth>3</depth>
	</size>
	<segmented>0</segmented>
	<object>
		<name>bottle</name>
		<pose>Unspecified</pose>
		<truncated>0</truncated>
		<difficult>0</difficult>
		<bndbox>
			<xmin>1020</xmin>
			<ymin>705</ymin>
			<xmax>1524</xmax>
			<ymax>909</ymax>
		</bndbox>
	</object>
	<object>
		<name>bottle</name>
		<pose>Unspecified</pose>
		<truncated>0</truncated>
		<difficult>0</difficult>
		<bndbox>
			<xmin>557</xmin>
			<ymin>1665</ymin>
			<xmax>1557</xmax>
			<ymax>1991</ymax>
		</bndbox>
	</object>
</annotation>
