<annotation>
	<folder>NewDataset</folder>
	<filename>IMG_20190318_182218.jpg</filename>
	<path>D:\NewDataset\IMG_20190318_182218.jpg</path>
	<source>
		<database>Unknown</database>
	</source>
	<size>
		<width>3264</width>
		<height>2448</height>
		<depth>3</depth>
	</size>
	<segmented>0</segmented>
	<object>
		<name>bottle</name>
		<pose>Unspecified</pose>
		<truncated>0</truncated>
		<difficult>0</difficult>
		<bndbox>
			<xmin>468</xmin>
			<ymin>1613</ymin>
			<xmax>1502</xmax>
			<ymax>1946</ymax>
		</bndbox>
	</object>
	<object>
		<name>bottle</name>
		<pose>Unspecified</pose>
		<truncated>0</truncated>
		<difficult>0</difficult>
		<bndbox>
			<xmin>831</xmin>
			<ymin>657</ymin>
			<xmax>1398</xmax>
			<ymax>846</ymax>
		</bndbox>
	</object>
	<object>
		<name>bottle</name>
		<pose>Unspecified</pose>
		<truncated>0</truncated>
		<difficult>0</difficult>
		<bndbox>
			<xmin>1327</xmin>
			<ymin>279</ymin>
			<xmax>1698</xmax>
			<ymax>424</ymax>
		</bndbox>
	</object>
</annotation>
