<annotation>
	<folder>NewDataset</folder>
	<filename>IMG_20190318_182220.jpg</filename>
	<path>D:\NewDataset\IMG_20190318_182220.jpg</path>
	<source>
		<database>Unknown</database>
	</source>
	<size>
		<width>3264</width>
		<height>2448</height>
		<depth>3</depth>
	</size>
	<segmented>0</segmented>
	<object>
		<name>bottle</name>
		<pose>Unspecified</pose>
		<truncated>0</truncated>
		<difficult>0</difficult>
		<bndbox>
			<xmin>1409</xmin>
			<ymin>350</ymin>
			<xmax>1787</xmax>
			<ymax>454</ymax>
		</bndbox>
	</object>
	<object>
		<name>bottle</name>
		<pose>Unspecified</pose>
		<truncated>0</truncated>
		<difficult>0</difficult>
		<bndbox>
			<xmin>698</xmin>
			<ymin>728</ymin>
			<xmax>1305</xmax>
			<ymax>920</ymax>
		</bndbox>
	</object>
	<object>
		<name>bottle</name>
		<pose>Unspecified</pose>
		<truncated>0</truncated>
		<difficult>0</difficult>
		<bndbox>
			<xmin>442</xmin>
			<ymin>1650</ymin>
			<xmax>1465</xmax>
			<ymax>1972</ymax>
		</bndbox>
	</object>
</annotation>
