<annotation>
	<folder>NewDataset</folder>
	<filename>IMG_20190318_182221.jpg</filename>
	<path>D:\NewDataset\IMG_20190318_182221.jpg</path>
	<source>
		<database>Unknown</database>
	</source>
	<size>
		<width>3264</width>
		<height>2448</height>
		<depth>3</depth>
	</size>
	<segmented>0</segmented>
	<object>
		<name>bottle</name>
		<pose>Unspecified</pose>
		<truncated>0</truncated>
		<difficult>0</difficult>
		<bndbox>
			<xmin>1431</xmin>
			<ymin>361</ymin>
			<xmax>1816</xmax>
			<ymax>494</ymax>
		</bndbox>
	</object>
	<object>
		<name>bottle</name>
		<pose>Unspecified</pose>
		<truncated>0</truncated>
		<difficult>0</difficult>
		<bndbox>
			<xmin>657</xmin>
			<ymin>731</ymin>
			<xmax>1265</xmax>
			<ymax>935</ymax>
		</bndbox>
	</object>
	<object>
		<name>bottle</name>
		<pose>Unspecified</pose>
		<truncated>0</truncated>
		<difficult>0</difficult>
		<bndbox>
			<xmin>450</xmin>
			<ymin>1661</ymin>
			<xmax>1453</xmax>
			<ymax>1983</ymax>
		</bndbox>
	</object>
</annotation>
