<annotation>
	<folder>NewDataset</folder>
	<filename>IMG_20190318_182222.jpg</filename>
	<path>D:\NewDataset\IMG_20190318_182222.jpg</path>
	<source>
		<database>Unknown</database>
	</source>
	<size>
		<width>3264</width>
		<height>2448</height>
		<depth>3</depth>
	</size>
	<segmented>0</segmented>
	<object>
		<name>bottle</name>
		<pose>Unspecified</pose>
		<truncated>0</truncated>
		<difficult>0</difficult>
		<bndbox>
			<xmin>1402</xmin>
			<ymin>391</ymin>
			<xmax>1809</xmax>
			<ymax>524</ymax>
		</bndbox>
	</object>
	<object>
		<name>bottle</name>
		<pose>Unspecified</pose>
		<truncated>0</truncated>
		<difficult>0</difficult>
		<bndbox>
			<xmin>572</xmin>
			<ymin>750</ymin>
			<xmax>1198</xmax>
			<ymax>961</ymax>
		</bndbox>
	</object>
	<object>
		<name>bottle</name>
		<pose>Unspecified</pose>
		<truncated>0</truncated>
		<difficult>0</difficult>
		<bndbox>
			<xmin>387</xmin>
			<ymin>1672</ymin>
			<xmax>1424</xmax>
			<ymax>1979</ymax>
		</bndbox>
	</object>
</annotation>
