<annotation>
	<folder>NewDataset</folder>
	<filename>IMG_20190318_182223.jpg</filename>
	<path>D:\NewDataset\IMG_20190318_182223.jpg</path>
	<source>
		<database>Unknown</database>
	</source>
	<size>
		<width>3264</width>
		<height>2448</height>
		<depth>3</depth>
	</size>
	<segmented>0</segmented>
	<object>
		<name>bottle</name>
		<pose>Unspecified</pose>
		<truncated>0</truncated>
		<difficult>0</difficult>
		<bndbox>
			<xmin>509</xmin>
			<ymin>757</ymin>
			<xmax>1157</xmax>
			<ymax>976</ymax>
		</bndbox>
	</object>
	<object>
		<name>bottle</name>
		<pose>Unspecified</pose>
		<truncated>0</truncated>
		<difficult>0</difficult>
		<bndbox>
			<xmin>394</xmin>
			<ymin>1657</ymin>
			<xmax>1431</xmax>
			<ymax>1965</ymax>
		</bndbox>
	</object>
	<object>
		<name>bottle</name>
		<pose>Unspecified</pose>
		<truncated>0</truncated>
		<difficult>0</difficult>
		<bndbox>
			<xmin>1427</xmin>
			<ymin>420</ymin>
			<xmax>1839</xmax>
			<ymax>572</ymax>
		</bndbox>
	</object>
</annotation>
