<annotation>
	<folder>NewDataset</folder>
	<filename>IMG_20190318_182223_1.jpg</filename>
	<path>D:\NewDataset\IMG_20190318_182223_1.jpg</path>
	<source>
		<database>Unknown</database>
	</source>
	<size>
		<width>3264</width>
		<height>2448</height>
		<depth>3</depth>
	</size>
	<segmented>0</segmented>
	<object>
		<name>bottle</name>
		<pose>Unspecified</pose>
		<truncated>0</truncated>
		<difficult>0</difficult>
		<bndbox>
			<xmin>1353</xmin>
			<ymin>176</ymin>
			<xmax>1546</xmax>
			<ymax>346</ymax>
		</bndbox>
	</object>
	<object>
		<name>bottle</name>
		<pose>Unspecified</pose>
		<truncated>0</truncated>
		<difficult>0</difficult>
		<bndbox>
			<xmin>1446</xmin>
			<ymin>420</ymin>
			<xmax>1846</xmax>
			<ymax>554</ymax>
		</bndbox>
	</object>
	<object>
		<name>bottle</name>
		<pose>Unspecified</pose>
		<truncated>0</truncated>
		<difficult>0</difficult>
		<bndbox>
			<xmin>479</xmin>
			<ymin>772</ymin>
			<xmax>1120</xmax>
			<ymax>968</ymax>
		</bndbox>
	</object>
	<object>
		<name>bottle</name>
		<pose>Unspecified</pose>
		<truncated>0</truncated>
		<difficult>0</difficult>
		<bndbox>
			<xmin>420</xmin>
			<ymin>1657</ymin>
			<xmax>1431</xmax>
			<ymax>1957</ymax>
		</bndbox>
	</object>
</annotation>
