<annotation>
	<folder>NewDataset</folder>
	<filename>IMG_20190318_182225.jpg</filename>
	<path>D:\NewDataset\IMG_20190318_182225.jpg</path>
	<source>
		<database>Unknown</database>
	</source>
	<size>
		<width>3264</width>
		<height>2448</height>
		<depth>3</depth>
	</size>
	<segmented>0</segmented>
	<object>
		<name>bottle</name>
		<pose>Unspecified</pose>
		<truncated>0</truncated>
		<difficult>0</difficult>
		<bndbox>
			<xmin>361</xmin>
			<ymin>850</ymin>
			<xmax>1046</xmax>
			<ymax>1050</ymax>
		</bndbox>
	</object>
	<object>
		<name>bottle</name>
		<pose>Unspecified</pose>
		<truncated>0</truncated>
		<difficult>0</difficult>
		<bndbox>
			<xmin>487</xmin>
			<ymin>1583</ymin>
			<xmax>1483</xmax>
			<ymax>1913</ymax>
		</bndbox>
	</object>
	<object>
		<name>bottle</name>
		<pose>Unspecified</pose>
		<truncated>0</truncated>
		<difficult>0</difficult>
		<bndbox>
			<xmin>1431</xmin>
			<ymin>498</ymin>
			<xmax>1853</xmax>
			<ymax>635</ymax>
		</bndbox>
	</object>
	<object>
		<name>bottle</name>
		<pose>Unspecified</pose>
		<truncated>0</truncated>
		<difficult>0</difficult>
		<bndbox>
			<xmin>1402</xmin>
			<ymin>213</ymin>
			<xmax>1687</xmax>
			<ymax>361</ymax>
		</bndbox>
	</object>
</annotation>
