<annotation>
	<folder>NewDataset</folder>
	<filename>IMG_20190318_182226.jpg</filename>
	<path>D:\NewDataset\IMG_20190318_182226.jpg</path>
	<source>
		<database>Unknown</database>
	</source>
	<size>
		<width>3264</width>
		<height>2448</height>
		<depth>3</depth>
	</size>
	<segmented>0</segmented>
	<object>
		<name>bottle</name>
		<pose>Unspecified</pose>
		<truncated>0</truncated>
		<difficult>0</difficult>
		<bndbox>
			<xmin>1431</xmin>
			<ymin>231</ymin>
			<xmax>1720</xmax>
			<ymax>354</ymax>
		</bndbox>
	</object>
	<object>
		<name>bottle</name>
		<pose>Unspecified</pose>
		<truncated>0</truncated>
		<difficult>0</difficult>
		<bndbox>
			<xmin>1420</xmin>
			<ymin>517</ymin>
			<xmax>1857</xmax>
			<ymax>657</ymax>
		</bndbox>
	</object>
	<object>
		<name>bottle</name>
		<pose>Unspecified</pose>
		<truncated>0</truncated>
		<difficult>0</difficult>
		<bndbox>
			<xmin>305</xmin>
			<ymin>854</ymin>
			<xmax>998</xmax>
			<ymax>1068</ymax>
		</bndbox>
	</object>
	<object>
		<name>bottle</name>
		<pose>Unspecified</pose>
		<truncated>0</truncated>
		<difficult>0</difficult>
		<bndbox>
			<xmin>479</xmin>
			<ymin>1631</ymin>
			<xmax>1461</xmax>
			<ymax>1965</ymax>
		</bndbox>
	</object>
</annotation>
