<annotation>
	<folder>NewDataset</folder>
	<filename>IMG_20190318_182227.jpg</filename>
	<path>D:\NewDataset\IMG_20190318_182227.jpg</path>
	<source>
		<database>Unknown</database>
	</source>
	<size>
		<width>3264</width>
		<height>2448</height>
		<depth>3</depth>
	</size>
	<segmented>0</segmented>
	<object>
		<name>bottle</name>
		<pose>Unspecified</pose>
		<truncated>0</truncated>
		<difficult>0</difficult>
		<bndbox>
			<xmin>231</xmin>
			<ymin>891</ymin>
			<xmax>939</xmax>
			<ymax>1076</ymax>
		</bndbox>
	</object>
	<object>
		<name>bottle</name>
		<pose>Unspecified</pose>
		<truncated>0</truncated>
		<difficult>0</difficult>
		<bndbox>
			<xmin>327</xmin>
			<ymin>1661</ymin>
			<xmax>1357</xmax>
			<ymax>1979</ymax>
		</bndbox>
	</object>
	<object>
		<name>bottle</name>
		<pose>Unspecified</pose>
		<truncated>0</truncated>
		<difficult>0</difficult>
		<bndbox>
			<xmin>1435</xmin>
			<ymin>220</ymin>
			<xmax>1779</xmax>
			<ymax>357</ymax>
		</bndbox>
	</object>
	<object>
		<name>bottle</name>
		<pose>Unspecified</pose>
		<truncated>0</truncated>
		<difficult>0</difficult>
		<bndbox>
			<xmin>1398</xmin>
			<ymin>535</ymin>
			<xmax>1850</xmax>
			<ymax>676</ymax>
		</bndbox>
	</object>
</annotation>
