<annotation>
	<folder>NewDataset</folder>
	<filename>IMG_20190318_182227_1.jpg</filename>
	<path>D:\NewDataset\IMG_20190318_182227_1.jpg</path>
	<source>
		<database>Unknown</database>
	</source>
	<size>
		<width>3264</width>
		<height>2448</height>
		<depth>3</depth>
	</size>
	<segmented>0</segmented>
	<object>
		<name>bottle</name>
		<pose>Unspecified</pose>
		<truncated>0</truncated>
		<difficult>0</difficult>
		<bndbox>
			<xmin>168</xmin>
			<ymin>898</ymin>
			<xmax>913</xmax>
			<ymax>1098</ymax>
		</bndbox>
	</object>
	<object>
		<name>bottle</name>
		<pose>Unspecified</pose>
		<truncated>0</truncated>
		<difficult>0</difficult>
		<bndbox>
			<xmin>327</xmin>
			<ymin>1568</ymin>
			<xmax>1361</xmax>
			<ymax>1961</ymax>
		</bndbox>
	</object>
	<object>
		<name>bottle</name>
		<pose>Unspecified</pose>
		<truncated>0</truncated>
		<difficult>0</difficult>
		<bndbox>
			<xmin>1483</xmin>
			<ymin>239</ymin>
			<xmax>1820</xmax>
			<ymax>383</ymax>
		</bndbox>
	</object>
	<object>
		<name>bottle</name>
		<pose>Unspecified</pose>
		<truncated>0</truncated>
		<difficult>0</difficult>
		<bndbox>
			<xmin>1398</xmin>
			<ymin>565</ymin>
			<xmax>1868</xmax>
			<ymax>683</ymax>
		</bndbox>
	</object>
</annotation>
