<annotation>
	<folder>NewDataset</folder>
	<filename>IMG_20190318_182228.jpg</filename>
	<path>D:\NewDataset\IMG_20190318_182228.jpg</path>
	<source>
		<database>Unknown</database>
	</source>
	<size>
		<width>3264</width>
		<height>2448</height>
		<depth>3</depth>
	</size>
	<segmented>0</segmented>
	<object>
		<name>bottle</name>
		<pose>Unspecified</pose>
		<truncated>0</truncated>
		<difficult>0</difficult>
		<bndbox>
			<xmin>79</xmin>
			<ymin>913</ymin>
			<xmax>839</xmax>
			<ymax>1139</ymax>
		</bndbox>
	</object>
	<object>
		<name>bottle</name>
		<pose>Unspecified</pose>
		<truncated>0</truncated>
		<difficult>0</difficult>
		<bndbox>
			<xmin>320</xmin>
			<ymin>1554</ymin>
			<xmax>1365</xmax>
			<ymax>1920</ymax>
		</bndbox>
	</object>
	<object>
		<name>bottle</name>
		<pose>Unspecified</pose>
		<truncated>0</truncated>
		<difficult>0</difficult>
		<bndbox>
			<xmin>1524</xmin>
			<ymin>265</ymin>
			<xmax>1850</xmax>
			<ymax>379</ymax>
		</bndbox>
	</object>
	<object>
		<name>bottle</name>
		<pose>Unspecified</pose>
		<truncated>0</truncated>
		<difficult>0</difficult>
		<bndbox>
			<xmin>1409</xmin>
			<ymin>594</ymin>
			<xmax>1865</xmax>
			<ymax>728</ymax>
		</bndbox>
	</object>
</annotation>
