<annotation>
	<folder>NewDataset</folder>
	<filename>IMG_20190318_182229.jpg</filename>
	<path>D:\NewDataset\IMG_20190318_182229.jpg</path>
	<source>
		<database>Unknown</database>
	</source>
	<size>
		<width>3264</width>
		<height>2448</height>
		<depth>3</depth>
	</size>
	<segmented>0</segmented>
	<object>
		<name>bottle</name>
		<pose>Unspecified</pose>
		<truncated>0</truncated>
		<difficult>0</difficult>
		<bndbox>
			<xmin>13</xmin>
			<ymin>928</ymin>
			<xmax>772</xmax>
			<ymax>1172</ymax>
		</bndbox>
	</object>
	<object>
		<name>bottle</name>
		<pose>Unspecified</pose>
		<truncated>0</truncated>
		<difficult>0</difficult>
		<bndbox>
			<xmin>335</xmin>
			<ymin>1528</ymin>
			<xmax>1361</xmax>
			<ymax>1965</ymax>
		</bndbox>
	</object>
	<object>
		<name>bottle</name>
		<pose>Unspecified</pose>
		<truncated>0</truncated>
		<difficult>0</difficult>
		<bndbox>
			<xmin>1379</xmin>
			<ymin>617</ymin>
			<xmax>1887</xmax>
			<ymax>772</ymax>
		</bndbox>
	</object>
	<object>
		<name>bottle</name>
		<pose>Unspecified</pose>
		<truncated>0</truncated>
		<difficult>0</difficult>
		<bndbox>
			<xmin>1553</xmin>
			<ymin>261</ymin>
			<xmax>1909</xmax>
			<ymax>402</ymax>
		</bndbox>
	</object>
</annotation>
