<annotation>
	<folder>NewDataset</folder>
	<filename>IMG_20190318_182231.jpg</filename>
	<path>D:\NewDataset\IMG_20190318_182231.jpg</path>
	<source>
		<database>Unknown</database>
	</source>
	<size>
		<width>3264</width>
		<height>2448</height>
		<depth>3</depth>
	</size>
	<segmented>0</segmented>
	<object>
		<name>bottle</name>
		<pose>Unspecified</pose>
		<truncated>0</truncated>
		<difficult>0</difficult>
		<bndbox>
			<xmin>20</xmin>
			<ymin>968</ymin>
			<xmax>713</xmax>
			<ymax>1202</ymax>
		</bndbox>
	</object>
	<object>
		<name>bottle</name>
		<pose>Unspecified</pose>
		<truncated>0</truncated>
		<difficult>0</difficult>
		<bndbox>
			<xmin>335</xmin>
			<ymin>1483</ymin>
			<xmax>1372</xmax>
			<ymax>1991</ymax>
		</bndbox>
	</object>
	<object>
		<name>bottle</name>
		<pose>Unspecified</pose>
		<truncated>0</truncated>
		<difficult>0</difficult>
		<bndbox>
			<xmin>1346</xmin>
			<ymin>679</ymin>
			<xmax>1846</xmax>
			<ymax>835</ymax>
		</bndbox>
	</object>
	<object>
		<name>bottle</name>
		<pose>Unspecified</pose>
		<truncated>0</truncated>
		<difficult>0</difficult>
		<bndbox>
			<xmin>1624</xmin>
			<ymin>309</ymin>
			<xmax>1976</xmax>
			<ymax>442</ymax>
		</bndbox>
	</object>
</annotation>
