<annotation>
	<folder>NewDataset</folder>
	<filename>IMG_20190318_182232.jpg</filename>
	<path>D:\NewDataset\IMG_20190318_182232.jpg</path>
	<source>
		<database>Unknown</database>
	</source>
	<size>
		<width>3264</width>
		<height>2448</height>
		<depth>3</depth>
	</size>
	<segmented>0</segmented>
	<object>
		<name>bottle</name>
		<pose>Unspecified</pose>
		<truncated>1</truncated>
		<difficult>0</difficult>
		<bndbox>
			<xmin>1</xmin>
			<ymin>994</ymin>
			<xmax>731</xmax>
			<ymax>1229</ymax>
		</bndbox>
	</object>
	<object>
		<name>bottle</name>
		<pose>Unspecified</pose>
		<truncated>0</truncated>
		<difficult>0</difficult>
		<bndbox>
			<xmin>339</xmin>
			<ymin>1435</ymin>
			<xmax>1372</xmax>
			<ymax>1961</ymax>
		</bndbox>
	</object>
	<object>
		<name>bottle</name>
		<pose>Unspecified</pose>
		<truncated>0</truncated>
		<difficult>0</difficult>
		<bndbox>
			<xmin>1316</xmin>
			<ymin>676</ymin>
			<xmax>1846</xmax>
			<ymax>865</ymax>
		</bndbox>
	</object>
	<object>
		<name>bottle</name>
		<pose>Unspecified</pose>
		<truncated>0</truncated>
		<difficult>0</difficult>
		<bndbox>
			<xmin>1668</xmin>
			<ymin>317</ymin>
			<xmax>2035</xmax>
			<ymax>457</ymax>
		</bndbox>
	</object>
</annotation>
