<annotation>
	<folder>NewDataset</folder>
	<filename>IMG_20190318_182300.jpg</filename>
	<path>D:\NewDataset\IMG_20190318_182300.jpg</path>
	<source>
		<database>Unknown</database>
	</source>
	<size>
		<width>3264</width>
		<height>2448</height>
		<depth>3</depth>
	</size>
	<segmented>0</segmented>
	<object>
		<name>bottle</name>
		<pose>Unspecified</pose>
		<truncated>1</truncated>
		<difficult>0</difficult>
		<bndbox>
			<xmin>1</xmin>
			<ymin>909</ymin>
			<xmax>672</xmax>
			<ymax>1194</ymax>
		</bndbox>
	</object>
	<object>
		<name>bottle</name>
		<pose>Unspecified</pose>
		<truncated>1</truncated>
		<difficult>0</difficult>
		<bndbox>
			<xmin>1</xmin>
			<ymin>1394</ymin>
			<xmax>702</xmax>
			<ymax>1995</ymax>
		</bndbox>
	</object>
	<object>
		<name>bottle</name>
		<pose>Unspecified</pose>
		<truncated>0</truncated>
		<difficult>0</difficult>
		<bndbox>
			<xmin>616</xmin>
			<ymin>998</ymin>
			<xmax>1153</xmax>
			<ymax>1409</ymax>
		</bndbox>
	</object>
	<object>
		<name>bottle</name>
		<pose>Unspecified</pose>
		<truncated>0</truncated>
		<difficult>0</difficult>
		<bndbox>
			<xmin>1198</xmin>
			<ymin>1328</ymin>
			<xmax>2053</xmax>
			<ymax>1635</ymax>
		</bndbox>
	</object>
	<object>
		<name>bottle</name>
		<pose>Unspecified</pose>
		<truncated>0</truncated>
		<difficult>0</difficult>
		<bndbox>
			<xmin>2531</xmin>
			<ymin>609</ymin>
			<xmax>3027</xmax>
			<ymax>902</ymax>
		</bndbox>
	</object>
</annotation>
