<annotation>
	<folder>NewDataset</folder>
	<filename>IMG_20190318_182300_1.jpg</filename>
	<path>D:\NewDataset\IMG_20190318_182300_1.jpg</path>
	<source>
		<database>Unknown</database>
	</source>
	<size>
		<width>3264</width>
		<height>2448</height>
		<depth>3</depth>
	</size>
	<segmented>0</segmented>
	<object>
		<name>bottle</name>
		<pose>Unspecified</pose>
		<truncated>0</truncated>
		<difficult>0</difficult>
		<bndbox>
			<xmin>2</xmin>
			<ymin>1035</ymin>
			<xmax>535</xmax>
			<ymax>1291</ymax>
		</bndbox>
	</object>
	<object>
		<name>bottle</name>
		<pose>Unspecified</pose>
		<truncated>0</truncated>
		<difficult>0</difficult>
		<bndbox>
			<xmin>520</xmin>
			<ymin>1076</ymin>
			<xmax>1176</xmax>
			<ymax>1402</ymax>
		</bndbox>
	</object>
	<object>
		<name>bottle</name>
		<pose>Unspecified</pose>
		<truncated>1</truncated>
		<difficult>0</difficult>
		<bndbox>
			<xmin>1</xmin>
			<ymin>1435</ymin>
			<xmax>820</xmax>
			<ymax>2005</ymax>
		</bndbox>
	</object>
	<object>
		<name>bottle</name>
		<pose>Unspecified</pose>
		<truncated>0</truncated>
		<difficult>0</difficult>
		<bndbox>
			<xmin>1253</xmin>
			<ymin>1309</ymin>
			<xmax>2146</xmax>
			<ymax>1591</ymax>
		</bndbox>
	</object>
	<object>
		<name>bottle</name>
		<pose>Unspecified</pose>
		<truncated>0</truncated>
		<difficult>0</difficult>
		<bndbox>
			<xmin>2583</xmin>
			<ymin>572</ymin>
			<xmax>3035</xmax>
			<ymax>894</ymax>
		</bndbox>
	</object>
</annotation>
