<annotation>
	<folder>NewDataset</folder>
	<filename>IMG_20190318_182303.jpg</filename>
	<path>D:\NewDataset\IMG_20190318_182303.jpg</path>
	<source>
		<database>Unknown</database>
	</source>
	<size>
		<width>3264</width>
		<height>2448</height>
		<depth>3</depth>
	</size>
	<segmented>0</segmented>
	<object>
		<name>bottle</name>
		<pose>Unspecified</pose>
		<truncated>0</truncated>
		<difficult>0</difficult>
		<bndbox>
			<xmin>146</xmin>
			<ymin>1376</ymin>
			<xmax>1116</xmax>
			<ymax>1694</ymax>
		</bndbox>
	</object>
	<object>
		<name>bottle</name>
		<pose>Unspecified</pose>
		<truncated>1</truncated>
		<difficult>0</difficult>
		<bndbox>
			<xmin>1</xmin>
			<ymin>1613</ymin>
			<xmax>1009</xmax>
			<ymax>2067</ymax>
		</bndbox>
	</object>
	<object>
		<name>bottle</name>
		<pose>Unspecified</pose>
		<truncated>0</truncated>
		<difficult>0</difficult>
		<bndbox>
			<xmin>1239</xmin>
			<ymin>1483</ymin>
			<xmax>2220</xmax>
			<ymax>1817</ymax>
		</bndbox>
	</object>
	<object>
		<name>bottle</name>
		<pose>Unspecified</pose>
		<truncated>0</truncated>
		<difficult>0</difficult>
		<bndbox>
			<xmin>2579</xmin>
			<ymin>602</ymin>
			<xmax>3053</xmax>
			<ymax>935</ymax>
		</bndbox>
	</object>
</annotation>
