<annotation>
	<folder>NewDataset</folder>
	<filename>IMG_20190318_182304.jpg</filename>
	<path>D:\NewDataset\IMG_20190318_182304.jpg</path>
	<source>
		<database>Unknown</database>
	</source>
	<size>
		<width>3264</width>
		<height>2448</height>
		<depth>3</depth>
	</size>
	<segmented>0</segmented>
	<object>
		<name>bottle</name>
		<pose>Unspecified</pose>
		<truncated>0</truncated>
		<difficult>0</difficult>
		<bndbox>
			<xmin>35</xmin>
			<ymin>1457</ymin>
			<xmax>1076</xmax>
			<ymax>1724</ymax>
		</bndbox>
	</object>
	<object>
		<name>bottle</name>
		<pose>Unspecified</pose>
		<truncated>1</truncated>
		<difficult>0</difficult>
		<bndbox>
			<xmin>1</xmin>
			<ymin>1729</ymin>
			<xmax>1053</xmax>
			<ymax>2005</ymax>
		</bndbox>
	</object>
	<object>
		<name>bottle</name>
		<pose>Unspecified</pose>
		<truncated>0</truncated>
		<difficult>0</difficult>
		<bndbox>
			<xmin>1120</xmin>
			<ymin>1605</ymin>
			<xmax>2172</xmax>
			<ymax>1983</ymax>
		</bndbox>
	</object>
	<object>
		<name>bottle</name>
		<pose>Unspecified</pose>
		<truncated>0</truncated>
		<difficult>0</difficult>
		<bndbox>
			<xmin>2598</xmin>
			<ymin>598</ymin>
			<xmax>3076</xmax>
			<ymax>939</ymax>
		</bndbox>
	</object>
</annotation>
