<annotation>
	<folder>NewDataset</folder>
	<filename>IMG_20190318_182306.jpg</filename>
	<path>D:\NewDataset\IMG_20190318_182306.jpg</path>
	<source>
		<database>Unknown</database>
	</source>
	<size>
		<width>3264</width>
		<height>2448</height>
		<depth>3</depth>
	</size>
	<segmented>0</segmented>
	<object>
		<name>bottle</name>
		<pose>Unspecified</pose>
		<truncated>1</truncated>
		<difficult>0</difficult>
		<bndbox>
			<xmin>1</xmin>
			<ymin>1499</ymin>
			<xmax>850</xmax>
			<ymax>1761</ymax>
		</bndbox>
	</object>
	<object>
		<name>bottle</name>
		<pose>Unspecified</pose>
		<truncated>1</truncated>
		<difficult>0</difficult>
		<bndbox>
			<xmin>1</xmin>
			<ymin>1679</ymin>
			<xmax>1076</xmax>
			<ymax>2013</ymax>
		</bndbox>
	</object>
	<object>
		<name>bottle</name>
		<pose>Unspecified</pose>
		<truncated>0</truncated>
		<difficult>0</difficult>
		<bndbox>
			<xmin>1079</xmin>
			<ymin>1672</ymin>
			<xmax>2105</xmax>
			<ymax>1983</ymax>
		</bndbox>
	</object>
	<object>
		<name>bottle</name>
		<pose>Unspecified</pose>
		<truncated>0</truncated>
		<difficult>0</difficult>
		<bndbox>
			<xmin>2635</xmin>
			<ymin>661</ymin>
			<xmax>3109</xmax>
			<ymax>1005</ymax>
		</bndbox>
	</object>
</annotation>
