<annotation>
	<folder>NewDataset</folder>
	<filename>IMG_20190318_182307.jpg</filename>
	<path>D:\NewDataset\IMG_20190318_182307.jpg</path>
	<source>
		<database>Unknown</database>
	</source>
	<size>
		<width>3264</width>
		<height>2448</height>
		<depth>3</depth>
	</size>
	<segmented>0</segmented>
	<object>
		<name>bottle</name>
		<pose>Unspecified</pose>
		<truncated>1</truncated>
		<difficult>0</difficult>
		<bndbox>
			<xmin>1</xmin>
			<ymin>1546</ymin>
			<xmax>768</xmax>
			<ymax>1731</ymax>
		</bndbox>
	</object>
	<object>
		<name>bottle</name>
		<pose>Unspecified</pose>
		<truncated>1</truncated>
		<difficult>0</difficult>
		<bndbox>
			<xmin>1</xmin>
			<ymin>1728</ymin>
			<xmax>1083</xmax>
			<ymax>2028</ymax>
		</bndbox>
	</object>
	<object>
		<name>bottle</name>
		<pose>Unspecified</pose>
		<truncated>0</truncated>
		<difficult>0</difficult>
		<bndbox>
			<xmin>1072</xmin>
			<ymin>1665</ymin>
			<xmax>2083</xmax>
			<ymax>2024</ymax>
		</bndbox>
	</object>
	<object>
		<name>bottle</name>
		<pose>Unspecified</pose>
		<truncated>0</truncated>
		<difficult>0</difficult>
		<bndbox>
			<xmin>2653</xmin>
			<ymin>654</ymin>
			<xmax>3157</xmax>
			<ymax>1050</ymax>
		</bndbox>
	</object>
</annotation>
