<annotation>
	<folder>NewDataset</folder>
	<filename>IMG_20190318_182318.jpg</filename>
	<path>D:\NewDataset\IMG_20190318_182318.jpg</path>
	<source>
		<database>Unknown</database>
	</source>
	<size>
		<width>3264</width>
		<height>2448</height>
		<depth>3</depth>
	</size>
	<segmented>0</segmented>
	<object>
		<name>bottle</name>
		<pose>Unspecified</pose>
		<truncated>0</truncated>
		<difficult>0</difficult>
		<bndbox>
			<xmin>624</xmin>
			<ymin>513</ymin>
			<xmax>983</xmax>
			<ymax>672</ymax>
		</bndbox>
	</object>
	<object>
		<name>bottle</name>
		<pose>Unspecified</pose>
		<truncated>0</truncated>
		<difficult>0</difficult>
		<bndbox>
			<xmin>716</xmin>
			<ymin>579</ymin>
			<xmax>1124</xmax>
			<ymax>809</ymax>
		</bndbox>
	</object>
	<object>
		<name>bottle</name>
		<pose>Unspecified</pose>
		<truncated>0</truncated>
		<difficult>0</difficult>
		<bndbox>
			<xmin>1635</xmin>
			<ymin>572</ymin>
			<xmax>1957</xmax>
			<ymax>820</ymax>
		</bndbox>
	</object>
	<object>
		<name>bottle</name>
		<pose>Unspecified</pose>
		<truncated>0</truncated>
		<difficult>0</difficult>
		<bndbox>
			<xmin>1257</xmin>
			<ymin>1317</ymin>
			<xmax>1883</xmax>
			<ymax>2005</ymax>
		</bndbox>
	</object>
	<object>
		<name>bottle</name>
		<pose>Unspecified</pose>
		<truncated>0</truncated>
		<difficult>0</difficult>
		<bndbox>
			<xmin>2687</xmin>
			<ymin>791</ymin>
			<xmax>2913</xmax>
			<ymax>1157</ymax>
		</bndbox>
	</object>
</annotation>
