<annotation>
	<folder>NewDataset</folder>
	<filename>IMG_20190318_182320.jpg</filename>
	<path>D:\NewDataset\IMG_20190318_182320.jpg</path>
	<source>
		<database>Unknown</database>
	</source>
	<size>
		<width>3264</width>
		<height>2448</height>
		<depth>3</depth>
	</size>
	<segmented>0</segmented>
	<object>
		<name>bottle</name>
		<pose>Unspecified</pose>
		<truncated>0</truncated>
		<difficult>0</difficult>
		<bndbox>
			<xmin>576</xmin>
			<ymin>550</ymin>
			<xmax>765</xmax>
			<ymax>713</ymax>
		</bndbox>
	</object>
	<object>
		<name>bottle</name>
		<pose>Unspecified</pose>
		<truncated>0</truncated>
		<difficult>0</difficult>
		<bndbox>
			<xmin>605</xmin>
			<ymin>594</ymin>
			<xmax>1057</xmax>
			<ymax>805</ymax>
		</bndbox>
	</object>
	<object>
		<name>bottle</name>
		<pose>Unspecified</pose>
		<truncated>0</truncated>
		<difficult>0</difficult>
		<bndbox>
			<xmin>1090</xmin>
			<ymin>1257</ymin>
			<xmax>1520</xmax>
			<ymax>1946</ymax>
		</bndbox>
	</object>
	<object>
		<name>bottle</name>
		<pose>Unspecified</pose>
		<truncated>0</truncated>
		<difficult>0</difficult>
		<bndbox>
			<xmin>1565</xmin>
			<ymin>594</ymin>
			<xmax>1920</xmax>
			<ymax>824</ymax>
		</bndbox>
	</object>
	<object>
		<name>bottle</name>
		<pose>Unspecified</pose>
		<truncated>0</truncated>
		<difficult>0</difficult>
		<bndbox>
			<xmin>2253</xmin>
			<ymin>768</ymin>
			<xmax>2698</xmax>
			<ymax>1068</ymax>
		</bndbox>
	</object>
</annotation>
