<annotation>
	<folder>NewDataset</folder>
	<filename>IMG_20190318_182421.jpg</filename>
	<path>D:\NewDataset\IMG_20190318_182421.jpg</path>
	<source>
		<database>Unknown</database>
	</source>
	<size>
		<width>3264</width>
		<height>2448</height>
		<depth>3</depth>
	</size>
	<segmented>0</segmented>
	<object>
		<name>bottle</name>
		<pose>Unspecified</pose>
		<truncated>0</truncated>
		<difficult>0</difficult>
		<bndbox>
			<xmin>431</xmin>
			<ymin>668</ymin>
			<xmax>950</xmax>
			<ymax>876</ymax>
		</bndbox>
	</object>
	<object>
		<name>bottle</name>
		<pose>Unspecified</pose>
		<truncated>0</truncated>
		<difficult>0</difficult>
		<bndbox>
			<xmin>679</xmin>
			<ymin>446</ymin>
			<xmax>857</xmax>
			<ymax>602</ymax>
		</bndbox>
	</object>
	<object>
		<name>bottle</name>
		<pose>Unspecified</pose>
		<truncated>0</truncated>
		<difficult>0</difficult>
		<bndbox>
			<xmin>1853</xmin>
			<ymin>261</ymin>
			<xmax>2087</xmax>
			<ymax>383</ymax>
		</bndbox>
	</object>
	<object>
		<name>bottle</name>
		<pose>Unspecified</pose>
		<truncated>0</truncated>
		<difficult>0</difficult>
		<bndbox>
			<xmin>2050</xmin>
			<ymin>294</ymin>
			<xmax>2324</xmax>
			<ymax>387</ymax>
		</bndbox>
	</object>
	<object>
		<name>bottle</name>
		<pose>Unspecified</pose>
		<truncated>0</truncated>
		<difficult>0</difficult>
		<bndbox>
			<xmin>2298</xmin>
			<ymin>272</ymin>
			<xmax>2398</xmax>
			<ymax>487</ymax>
		</bndbox>
	</object>
</annotation>
