<annotation>
	<folder>NewDataset</folder>
	<filename>IMG_20190318_182433.jpg</filename>
	<path>D:\NewDataset\IMG_20190318_182433.jpg</path>
	<source>
		<database>Unknown</database>
	</source>
	<size>
		<width>3264</width>
		<height>2448</height>
		<depth>3</depth>
	</size>
	<segmented>0</segmented>
	<object>
		<name>bottle</name>
		<pose>Unspecified</pose>
		<truncated>0</truncated>
		<difficult>0</difficult>
		<bndbox>
			<xmin>424</xmin>
			<ymin>691</ymin>
			<xmax>898</xmax>
			<ymax>931</ymax>
		</bndbox>
	</object>
	<object>
		<name>bottle</name>
		<pose>Unspecified</pose>
		<truncated>0</truncated>
		<difficult>0</difficult>
		<bndbox>
			<xmin>550</xmin>
			<ymin>431</ymin>
			<xmax>902</xmax>
			<ymax>628</ymax>
		</bndbox>
	</object>
</annotation>
