<annotation>
	<folder>NewDataset</folder>
	<filename>IMG_20190318_182439.jpg</filename>
	<path>D:\NewDataset\IMG_20190318_182439.jpg</path>
	<source>
		<database>Unknown</database>
	</source>
	<size>
		<width>3264</width>
		<height>2448</height>
		<depth>3</depth>
	</size>
	<segmented>0</segmented>
	<object>
		<name>bottle</name>
		<pose>Unspecified</pose>
		<truncated>0</truncated>
		<difficult>0</difficult>
		<bndbox>
			<xmin>568</xmin>
			<ymin>631</ymin>
			<xmax>1079</xmax>
			<ymax>768</ymax>
		</bndbox>
	</object>
	<object>
		<name>bottle</name>
		<pose>Unspecified</pose>
		<truncated>0</truncated>
		<difficult>0</difficult>
		<bndbox>
			<xmin>602</xmin>
			<ymin>442</ymin>
			<xmax>846</xmax>
			<ymax>617</ymax>
		</bndbox>
	</object>
	<object>
		<name>bottle</name>
		<pose>Unspecified</pose>
		<truncated>0</truncated>
		<difficult>0</difficult>
		<bndbox>
			<xmin>1235</xmin>
			<ymin>268</ymin>
			<xmax>1494</xmax>
			<ymax>446</ymax>
		</bndbox>
	</object>
	<object>
		<name>bottle</name>
		<pose>Unspecified</pose>
		<truncated>0</truncated>
		<difficult>0</difficult>
		<bndbox>
			<xmin>2039</xmin>
			<ymin>272</ymin>
			<xmax>2294</xmax>
			<ymax>454</ymax>
		</bndbox>
	</object>
	<object>
		<name>bottle</name>
		<pose>Unspecified</pose>
		<truncated>0</truncated>
		<difficult>0</difficult>
		<bndbox>
			<xmin>2231</xmin>
			<ymin>231</ymin>
			<xmax>2350</xmax>
			<ymax>398</ymax>
		</bndbox>
	</object>
</annotation>
