<annotation>
	<folder>NewDataset</folder>
	<filename>IMG_20190318_182446.jpg</filename>
	<path>D:\NewDataset\IMG_20190318_182446.jpg</path>
	<source>
		<database>Unknown</database>
	</source>
	<size>
		<width>3264</width>
		<height>2448</height>
		<depth>3</depth>
	</size>
	<segmented>0</segmented>
	<object>
		<name>bottle</name>
		<pose>Unspecified</pose>
		<truncated>0</truncated>
		<difficult>0</difficult>
		<bndbox>
			<xmin>531</xmin>
			<ymin>594</ymin>
			<xmax>1005</xmax>
			<ymax>724</ymax>
		</bndbox>
	</object>
	<object>
		<name>bottle</name>
		<pose>Unspecified</pose>
		<truncated>0</truncated>
		<difficult>0</difficult>
		<bndbox>
			<xmin>583</xmin>
			<ymin>472</ymin>
			<xmax>779</xmax>
			<ymax>620</ymax>
		</bndbox>
	</object>
	<object>
		<name>bottle</name>
		<pose>Unspecified</pose>
		<truncated>0</truncated>
		<difficult>0</difficult>
		<bndbox>
			<xmin>853</xmin>
			<ymin>276</ymin>
			<xmax>1172</xmax>
			<ymax>435</ymax>
		</bndbox>
	</object>
	<object>
		<name>bottle</name>
		<pose>Unspecified</pose>
		<truncated>0</truncated>
		<difficult>0</difficult>
		<bndbox>
			<xmin>2061</xmin>
			<ymin>298</ymin>
			<xmax>2216</xmax>
			<ymax>461</ymax>
		</bndbox>
	</object>
	<object>
		<name>bottle</name>
		<pose>Unspecified</pose>
		<truncated>0</truncated>
		<difficult>0</difficult>
		<bndbox>
			<xmin>2209</xmin>
			<ymin>272</ymin>
			<xmax>2376</xmax>
			<ymax>420</ymax>
		</bndbox>
	</object>
</annotation>
