<annotation>
	<folder>Images</folder>
	<filename>139.bmp</filename>
	<path>C:\Users\Hp\Desktop\converted2bmp\training\Images\139.bmp</path>
	<source>
		<database>Unknown</database>
	</source>
	<size>
		<width>640</width>
		<height>368</height>
		<depth>3</depth>
	</size>
	<segmented>0</segmented>
	<object>
		<name>bottle</name>
		<pose>Unspecified</pose>
		<truncated>0</truncated>
		<difficult>0</difficult>
		<bndbox>
			<xmin>113</xmin>
			<ymin>10</ymin>
			<xmax>509</xmax>
			<ymax>342</ymax>
		</bndbox>
	</object>
</annotation>
