<annotation>
	<folder>NewDataset</folder>
	<filename>IMG_20190318_182526.jpg</filename>
	<path>D:\NewDataset\IMG_20190318_182526.jpg</path>
	<source>
		<database>Unknown</database>
	</source>
	<size>
		<width>3264</width>
		<height>2448</height>
		<depth>3</depth>
	</size>
	<segmented>0</segmented>
	<object>
		<name>bottle</name>
		<pose>Unspecified</pose>
		<truncated>0</truncated>
		<difficult>0</difficult>
		<bndbox>
			<xmin>790</xmin>
			<ymin>635</ymin>
			<xmax>1035</xmax>
			<ymax>935</ymax>
		</bndbox>
	</object>
	<object>
		<name>bottle</name>
		<pose>Unspecified</pose>
		<truncated>0</truncated>
		<difficult>0</difficult>
		<bndbox>
			<xmin>787</xmin>
			<ymin>491</ymin>
			<xmax>1168</xmax>
			<ymax>702</ymax>
		</bndbox>
	</object>
	<object>
		<name>bottle</name>
		<pose>Unspecified</pose>
		<truncated>0</truncated>
		<difficult>0</difficult>
		<bndbox>
			<xmin>1557</xmin>
			<ymin>317</ymin>
			<xmax>1835</xmax>
			<ymax>465</ymax>
		</bndbox>
	</object>
	<object>
		<name>bottle</name>
		<pose>Unspecified</pose>
		<truncated>0</truncated>
		<difficult>0</difficult>
		<bndbox>
			<xmin>1331</xmin>
			<ymin>450</ymin>
			<xmax>1646</xmax>
			<ymax>631</ymax>
		</bndbox>
	</object>
	<object>
		<name>bottle</name>
		<pose>Unspecified</pose>
		<truncated>0</truncated>
		<difficult>0</difficult>
		<bndbox>
			<xmin>2216</xmin>
			<ymin>535</ymin>
			<xmax>2657</xmax>
			<ymax>650</ymax>
		</bndbox>
	</object>
</annotation>
