<annotation>
	<folder>NewDataset</folder>
	<filename>IMG_20190318_182528.jpg</filename>
	<path>D:\NewDataset\IMG_20190318_182528.jpg</path>
	<source>
		<database>Unknown</database>
	</source>
	<size>
		<width>3264</width>
		<height>2448</height>
		<depth>3</depth>
	</size>
	<segmented>0</segmented>
	<object>
		<name>bottle</name>
		<pose>Unspecified</pose>
		<truncated>0</truncated>
		<difficult>0</difficult>
		<bndbox>
			<xmin>683</xmin>
			<ymin>617</ymin>
			<xmax>827</xmax>
			<ymax>924</ymax>
		</bndbox>
	</object>
	<object>
		<name>bottle</name>
		<pose>Unspecified</pose>
		<truncated>0</truncated>
		<difficult>0</difficult>
		<bndbox>
			<xmin>809</xmin>
			<ymin>498</ymin>
			<xmax>1087</xmax>
			<ymax>687</ymax>
		</bndbox>
	</object>
	<object>
		<name>bottle</name>
		<pose>Unspecified</pose>
		<truncated>0</truncated>
		<difficult>0</difficult>
		<bndbox>
			<xmin>1276</xmin>
			<ymin>494</ymin>
			<xmax>1557</xmax>
			<ymax>679</ymax>
		</bndbox>
	</object>
	<object>
		<name>bottle</name>
		<pose>Unspecified</pose>
		<truncated>0</truncated>
		<difficult>0</difficult>
		<bndbox>
			<xmin>1513</xmin>
			<ymin>339</ymin>
			<xmax>1776</xmax>
			<ymax>472</ymax>
		</bndbox>
	</object>
	<object>
		<name>bottle</name>
		<pose>Unspecified</pose>
		<truncated>0</truncated>
		<difficult>0</difficult>
		<bndbox>
			<xmin>2183</xmin>
			<ymin>517</ymin>
			<xmax>2598</xmax>
			<ymax>661</ymax>
		</bndbox>
	</object>
</annotation>
