<annotation>
	<folder>Images</folder>
	<filename>14.bmp</filename>
	<path>C:\Users\Hp\Desktop\converted2bmp\training\Images\14.bmp</path>
	<source>
		<database>Unknown</database>
	</source>
	<size>
		<width>310</width>
		<height>162</height>
		<depth>3</depth>
	</size>
	<segmented>0</segmented>
	<object>
		<name>bottle</name>
		<pose>Unspecified</pose>
		<truncated>0</truncated>
		<difficult>0</difficult>
		<bndbox>
			<xmin>63</xmin>
			<ymin>32</ymin>
			<xmax>272</xmax>
			<ymax>92</ymax>
		</bndbox>
	</object>
</annotation>
