<annotation>
	<folder>NewDataset</folder>
	<filename>IMG_20190318_182532.jpg</filename>
	<path>D:\NewDataset\IMG_20190318_182532.jpg</path>
	<source>
		<database>Unknown</database>
	</source>
	<size>
		<width>3264</width>
		<height>2448</height>
		<depth>3</depth>
	</size>
	<segmented>0</segmented>
	<object>
		<name>bottle</name>
		<pose>Unspecified</pose>
		<truncated>0</truncated>
		<difficult>0</difficult>
		<bndbox>
			<xmin>368</xmin>
			<ymin>635</ymin>
			<xmax>650</xmax>
			<ymax>950</ymax>
		</bndbox>
	</object>
	<object>
		<name>bottle</name>
		<pose>Unspecified</pose>
		<truncated>0</truncated>
		<difficult>0</difficult>
		<bndbox>
			<xmin>613</xmin>
			<ymin>479</ymin>
			<xmax>739</xmax>
			<ymax>713</ymax>
		</bndbox>
	</object>
	<object>
		<name>bottle</name>
		<pose>Unspecified</pose>
		<truncated>0</truncated>
		<difficult>0</difficult>
		<bndbox>
			<xmin>913</xmin>
			<ymin>494</ymin>
			<xmax>1194</xmax>
			<ymax>735</ymax>
		</bndbox>
	</object>
	<object>
		<name>bottle</name>
		<pose>Unspecified</pose>
		<truncated>0</truncated>
		<difficult>0</difficult>
		<bndbox>
			<xmin>1346</xmin>
			<ymin>339</ymin>
			<xmax>1665</xmax>
			<ymax>487</ymax>
		</bndbox>
	</object>
	<object>
		<name>bottle</name>
		<pose>Unspecified</pose>
		<truncated>0</truncated>
		<difficult>0</difficult>
		<bndbox>
			<xmin>2176</xmin>
			<ymin>513</ymin>
			<xmax>2568</xmax>
			<ymax>624</ymax>
		</bndbox>
	</object>
</annotation>
