<annotation>
	<folder>NewDataset</folder>
	<filename>IMG_20190318_182550.jpg</filename>
	<path>D:\NewDataset\IMG_20190318_182550.jpg</path>
	<source>
		<database>Unknown</database>
	</source>
	<size>
		<width>3264</width>
		<height>2448</height>
		<depth>3</depth>
	</size>
	<segmented>0</segmented>
	<object>
		<name>bottle</name>
		<pose>Unspecified</pose>
		<truncated>0</truncated>
		<difficult>0</difficult>
		<bndbox>
			<xmin>213</xmin>
			<ymin>794</ymin>
			<xmax>490</xmax>
			<ymax>1191</ymax>
		</bndbox>
	</object>
	<object>
		<name>bottle</name>
		<pose>Unspecified</pose>
		<truncated>0</truncated>
		<difficult>0</difficult>
		<bndbox>
			<xmin>850</xmin>
			<ymin>891</ymin>
			<xmax>1431</xmax>
			<ymax>1076</ymax>
		</bndbox>
	</object>
	<object>
		<name>bottle</name>
		<pose>Unspecified</pose>
		<truncated>0</truncated>
		<difficult>0</difficult>
		<bndbox>
			<xmin>613</xmin>
			<ymin>457</ymin>
			<xmax>820</xmax>
			<ymax>631</ymax>
		</bndbox>
	</object>
	<object>
		<name>bottle</name>
		<pose>Unspecified</pose>
		<truncated>0</truncated>
		<difficult>0</difficult>
		<bndbox>
			<xmin>965</xmin>
			<ymin>409</ymin>
			<xmax>1120</xmax>
			<ymax>605</ymax>
		</bndbox>
	</object>
	<object>
		<name>bottle</name>
		<pose>Unspecified</pose>
		<truncated>0</truncated>
		<difficult>0</difficult>
		<bndbox>
			<xmin>2183</xmin>
			<ymin>431</ymin>
			<xmax>2550</xmax>
			<ymax>602</ymax>
		</bndbox>
	</object>
</annotation>
