<annotation>
	<folder>NewDataset</folder>
	<filename>IMG_20190318_182557.jpg</filename>
	<path>D:\NewDataset\IMG_20190318_182557.jpg</path>
	<source>
		<database>Unknown</database>
	</source>
	<size>
		<width>3264</width>
		<height>2448</height>
		<depth>3</depth>
	</size>
	<segmented>0</segmented>
	<object>
		<name>bottle</name>
		<pose>Unspecified</pose>
		<truncated>0</truncated>
		<difficult>0</difficult>
		<bndbox>
			<xmin>65</xmin>
			<ymin>872</ymin>
			<xmax>394</xmax>
			<ymax>1331</ymax>
		</bndbox>
	</object>
	<object>
		<name>bottle</name>
		<pose>Unspecified</pose>
		<truncated>0</truncated>
		<difficult>0</difficult>
		<bndbox>
			<xmin>761</xmin>
			<ymin>742</ymin>
			<xmax>1146</xmax>
			<ymax>1002</ymax>
		</bndbox>
	</object>
	<object>
		<name>bottle</name>
		<pose>Unspecified</pose>
		<truncated>0</truncated>
		<difficult>0</difficult>
		<bndbox>
			<xmin>572</xmin>
			<ymin>583</ymin>
			<xmax>746</xmax>
			<ymax>742</ymax>
		</bndbox>
	</object>
	<object>
		<name>bottle</name>
		<pose>Unspecified</pose>
		<truncated>0</truncated>
		<difficult>0</difficult>
		<bndbox>
			<xmin>713</xmin>
			<ymin>413</ymin>
			<xmax>831</xmax>
			<ymax>642</ymax>
		</bndbox>
	</object>
	<object>
		<name>bottle</name>
		<pose>Unspecified</pose>
		<truncated>0</truncated>
		<difficult>0</difficult>
		<bndbox>
			<xmin>2142</xmin>
			<ymin>398</ymin>
			<xmax>2476</xmax>
			<ymax>550</ymax>
		</bndbox>
	</object>
</annotation>
