<annotation>
	<folder>NewDataset</folder>
	<filename>IMG_20190318_182610.jpg</filename>
	<path>D:\NewDataset\IMG_20190318_182610.jpg</path>
	<source>
		<database>Unknown</database>
	</source>
	<size>
		<width>3264</width>
		<height>2448</height>
		<depth>3</depth>
	</size>
	<segmented>0</segmented>
	<object>
		<name>bottle</name>
		<pose>Unspecified</pose>
		<truncated>0</truncated>
		<difficult>0</difficult>
		<bndbox>
			<xmin>224</xmin>
			<ymin>776</ymin>
			<xmax>539</xmax>
			<ymax>1057</ymax>
		</bndbox>
	</object>
	<object>
		<name>bottle</name>
		<pose>Unspecified</pose>
		<truncated>0</truncated>
		<difficult>0</difficult>
		<bndbox>
			<xmin>516</xmin>
			<ymin>550</ymin>
			<xmax>687</xmax>
			<ymax>809</ymax>
		</bndbox>
	</object>
	<object>
		<name>bottle</name>
		<pose>Unspecified</pose>
		<truncated>0</truncated>
		<difficult>0</difficult>
		<bndbox>
			<xmin>487</xmin>
			<ymin>791</ymin>
			<xmax>1020</xmax>
			<ymax>942</ymax>
		</bndbox>
	</object>
	<object>
		<name>bottle</name>
		<pose>Unspecified</pose>
		<truncated>0</truncated>
		<difficult>0</difficult>
		<bndbox>
			<xmin>1702</xmin>
			<ymin>417</ymin>
			<xmax>2039</xmax>
			<ymax>572</ymax>
		</bndbox>
	</object>
	<object>
		<name>bottle</name>
		<pose>Unspecified</pose>
		<truncated>0</truncated>
		<difficult>0</difficult>
		<bndbox>
			<xmin>2313</xmin>
			<ymin>561</ymin>
			<xmax>2535</xmax>
			<ymax>698</ymax>
		</bndbox>
	</object>
</annotation>
