<annotation>
	<folder>NewDataset</folder>
	<filename>IMG_20190318_182614.jpg</filename>
	<path>D:\NewDataset\IMG_20190318_182614.jpg</path>
	<source>
		<database>Unknown</database>
	</source>
	<size>
		<width>3264</width>
		<height>2448</height>
		<depth>3</depth>
	</size>
	<segmented>0</segmented>
	<object>
		<name>bottle</name>
		<pose>Unspecified</pose>
		<truncated>0</truncated>
		<difficult>0</difficult>
		<bndbox>
			<xmin>509</xmin>
			<ymin>565</ymin>
			<xmax>713</xmax>
			<ymax>831</ymax>
		</bndbox>
	</object>
	<object>
		<name>bottle</name>
		<pose>Unspecified</pose>
		<truncated>0</truncated>
		<difficult>0</difficult>
		<bndbox>
			<xmin>257</xmin>
			<ymin>809</ymin>
			<xmax>531</xmax>
			<ymax>1094</ymax>
		</bndbox>
	</object>
	<object>
		<name>bottle</name>
		<pose>Unspecified</pose>
		<truncated>0</truncated>
		<difficult>0</difficult>
		<bndbox>
			<xmin>468</xmin>
			<ymin>891</ymin>
			<xmax>1053</xmax>
			<ymax>1046</ymax>
		</bndbox>
	</object>
	<object>
		<name>bottle</name>
		<pose>Unspecified</pose>
		<truncated>0</truncated>
		<difficult>0</difficult>
		<bndbox>
			<xmin>1809</xmin>
			<ymin>494</ymin>
			<xmax>2220</xmax>
			<ymax>635</ymax>
		</bndbox>
	</object>
	<object>
		<name>bottle</name>
		<pose>Unspecified</pose>
		<truncated>0</truncated>
		<difficult>0</difficult>
		<bndbox>
			<xmin>2142</xmin>
			<ymin>591</ymin>
			<xmax>2542</xmax>
			<ymax>724</ymax>
		</bndbox>
	</object>
</annotation>
